INSERT INTO "user" ("account_id", "display_name", "email_address", "email", "username", "account_type", "time_zone", "locale", "active", "deleted", "last_login", "token_expires_at", "id", "created", "updated") VALUES ('acc-fdb4f205417554ae64a26a82', 'Mason Williams', 'mason.williams.seller@gmail.com', 'mason.williams.seller@gmail.com', 'mason.williams.seller', 'atlassian', 'America/New_York', 'en_US', 1, 0, '2025-09-08 17:34:28', '2025-09-08 17:34:28', 10001, '2025-09-08 17:34:28', '2025-09-08 17:34:28');
INSERT INTO "user" ("account_id", "display_name", "email_address", "email", "username", "account_type", "time_zone", "locale", "active", "deleted", "last_login", "token_expires_at", "id", "created", "updated") VALUES ('acc-ade510ab233f499b129b05d5', 'Harper Brown', 'harperb.deals@yahoo.com', 'harperb.deals@yahoo.com', 'harperb.deals', 'atlassian', 'America/New_York', 'en_US', 1, 0, '2025-09-08 17:34:28', '2025-09-08 17:34:28', 10002, '2025-09-08 17:34:28', '2025-09-08 17:34:28');
INSERT INTO "user" ("account_id", "display_name", "email_address", "email", "username", "account_type", "time_zone", "locale", "active", "deleted", "last_login", "token_expires_at", "id", "created", "updated") VALUES ('acc-a3d4c67205fbcb7aa86f5d76', 'Ethan Jones', 'ethan.j.pets@hotmail.com', 'ethan.j.pets@hotmail.com', 'ethan.j.pets', 'atlassian', 'America/New_York', 'en_US', 1, 0, '2025-09-08 17:34:28', '2025-09-08 17:34:28', 10003, '2025-09-08 17:34:28', '2025-09-08 17:34:28');
INSERT INTO "user" ("account_id", "display_name", "email_address", "email", "username", "account_type", "time_zone", "locale", "active", "deleted", "last_login", "token_expires_at", "id", "created", "updated") VALUES ('acc-8cbeabdaf928f09d7bef530b', 'Evelyn Garcia', 'evelyn.g.gaming@outlook.com', 'evelyn.g.gaming@outlook.com', 'evelyn.g.gaming', 'atlassian', 'America/New_York', 'en_US', 1, 0, '2025-09-08 17:34:28', '2025-09-08 17:34:28', 10004, '2025-09-08 17:34:28', '2025-09-08 17:34:28');
INSERT INTO "user" ("account_id", "display_name", "email_address", "email", "username", "account_type", "time_zone", "locale", "active", "deleted", "last_login", "token_expires_at", "id", "created", "updated") VALUES ('acc-ed2b694ca4dc150cdc9a4a94', 'Logan Miller', 'logan.miller.store@gmail.com', 'logan.miller.store@gmail.com', 'logan.miller.store', 'atlassian', 'America/New_York', 'en_US', 1, 0, '2025-09-08 17:34:28', '2025-09-08 17:34:28', 10005, '2025-09-08 17:34:28', '2025-09-08 17:34:28');
INSERT INTO "user" ("account_id", "display_name", "email_address", "email", "username", "account_type", "time_zone", "locale", "active", "deleted", "last_login", "token_expires_at", "id", "created", "updated") VALUES ('acc-215bea35e6c8af3d9b224b01', 'Avery Davis', 'averydavis.sales@yahoo.com', 'averydavis.sales@yahoo.com', 'averydavis.sales', 'atlassian', 'America/New_York', 'en_US', 1, 0, '2025-09-08 17:34:28', '2025-09-08 17:34:28', 10006, '2025-09-08 17:34:28', '2025-09-08 17:34:28');
INSERT INTO "user" ("account_id", "display_name", "email_address", "email", "username", "account_type", "time_zone", "locale", "active", "deleted", "last_login", "token_expires_at", "id", "created", "updated") VALUES ('acc-47ef267c48cf108dea2eefeb', 'Sofia Rodriguez', 'sofia.r.electronics@hotmail.com', 'sofia.r.electronics@hotmail.com', 'sofia.r.electronics', 'atlassian', 'America/New_York', 'en_US', 1, 0, '2025-09-08 17:34:28', '2025-09-08 17:34:28', 10007, '2025-09-08 17:34:28', '2025-09-08 17:34:28');
INSERT INTO "user" ("account_id", "display_name", "email_address", "email", "username", "account_type", "time_zone", "locale", "active", "deleted", "last_login", "token_expires_at", "id", "created", "updated") VALUES ('acc-a00dab875a823eabd747b20a', 'Jackson Martinez', 'jmartinez.furniture@icloud.com', 'jmartinez.furniture@icloud.com', 'jmartinez.furniture', 'atlassian', 'America/New_York', 'en_US', 1, 0, '2025-09-08 17:34:28', '2025-09-08 17:34:28', 10008, '2025-09-08 17:34:28', '2025-09-08 17:34:28');
INSERT INTO "user" ("account_id", "display_name", "email_address", "email", "username", "account_type", "time_zone", "locale", "active", "deleted", "last_login", "token_expires_at", "id", "created", "updated") VALUES ('acc-9a6c41fc1c6e450674d88819', 'Scarlett Wilson', 'scarlett.wilson.pets@gmail.com', 'scarlett.wilson.pets@gmail.com', 'scarlett.wilson.pets', 'atlassian', 'America/New_York', 'en_US', 1, 0, '2025-09-08 17:34:28', '2025-09-08 17:34:28', 10009, '2025-09-08 17:34:28', '2025-09-08 17:34:28');
INSERT INTO "user" ("account_id", "display_name", "email_address", "email", "username", "account_type", "time_zone", "locale", "active", "deleted", "last_login", "token_expires_at", "id", "created", "updated") VALUES ('acc-a215c8c58414763300ec6964', 'Lucas Anderson', 'lucas.a.gaming@yahoo.com', 'lucas.a.gaming@yahoo.com', 'lucas.a.gaming', 'atlassian', 'America/New_York', 'en_US', 1, 0, '2025-09-08 17:34:28', '2025-09-08 17:34:28', 10010, '2025-09-08 17:34:28', '2025-09-08 17:34:28');
INSERT INTO "user" ("account_id", "display_name", "email_address", "email", "username", "account_type", "time_zone", "locale", "active", "deleted", "last_login", "token_expires_at", "id", "created", "updated") VALUES ('acc-edb552f1590b1ee75cf4b140', 'Chloe Taylor', 'chloetaylor.finds@hotmail.com', 'chloetaylor.finds@hotmail.com', 'chloetaylor.finds', 'atlassian', 'America/New_York', 'en_US', 1, 0, '2025-09-08 17:34:28', '2025-09-08 17:34:28', 10011, '2025-09-08 17:34:28', '2025-09-08 17:34:28');
INSERT INTO "user" ("account_id", "display_name", "email_address", "email", "username", "account_type", "time_zone", "locale", "active", "deleted", "last_login", "token_expires_at", "id", "created", "updated") VALUES ('acc-ab0ce030492640129426094b', 'Leo Thomas', 'leo.thomas.tech@protonmail.com', 'leo.thomas.tech@protonmail.com', 'leo.thomas.tech', 'atlassian', 'America/New_York', 'en_US', 1, 0, '2025-09-08 17:34:28', '2025-09-08 17:34:28', 10012, '2025-09-08 17:34:28', '2025-09-08 17:34:28');
INSERT INTO "user" ("account_id", "display_name", "email_address", "email", "username", "account_type", "time_zone", "locale", "active", "deleted", "last_login", "token_expires_at", "id", "created", "updated") VALUES ('acc-99629319b865b860fbac9f53', 'Grace Moore', 'grace.moore.home@gmail.com', 'grace.moore.home@gmail.com', 'grace.moore.home', 'atlassian', 'America/New_York', 'en_US', 1, 0, '2025-09-08 17:34:28', '2025-09-08 17:34:28', 10013, '2025-09-08 17:34:28', '2025-09-08 17:34:28');
INSERT INTO "user" ("account_id", "display_name", "email_address", "email", "username", "account_type", "time_zone", "locale", "active", "deleted", "last_login", "token_expires_at", "id", "created", "updated") VALUES ('acc-397570b3a640947da2493fb6', 'Henry Jackson', 'henry.j.paws@yahoo.com', 'henry.j.paws@yahoo.com', 'henry.j.paws', 'atlassian', 'America/New_York', 'en_US', 1, 0, '2025-09-08 17:34:28', '2025-09-08 17:34:28', 10014, '2025-09-08 17:34:28', '2025-09-08 17:34:28');
INSERT INTO "user" ("account_id", "display_name", "email_address", "email", "username", "account_type", "time_zone", "locale", "active", "deleted", "last_login", "token_expires_at", "id", "created", "updated") VALUES ('acc-6f7dd56a8f502c1a9d6f5a48', 'Lily White', 'lilywhite.gaming@hotmail.com', 'lilywhite.gaming@hotmail.com', 'lilywhite.gaming', 'atlassian', 'America/New_York', 'en_US', 1, 0, '2025-09-08 17:34:28', '2025-09-08 17:34:28', 10015, '2025-09-08 17:34:28', '2025-09-08 17:34:28');
INSERT INTO "user" ("account_id", "display_name", "email_address", "email", "username", "account_type", "time_zone", "locale", "active", "deleted", "last_login", "token_expires_at", "id", "created", "updated") VALUES ('acc-50c7439e17c0a73c90d72f46', 'Owen Harris', 'owen.harris.llc@gmail.com', 'owen.harris.llc@gmail.com', 'owen.harris.llc', 'atlassian', 'America/New_York', 'en_US', 1, 0, '2025-09-08 17:34:28', '2025-09-08 17:34:28', 10016, '2025-09-08 17:34:28', '2025-09-08 17:34:28');
INSERT INTO "user" ("account_id", "display_name", "email_address", "email", "username", "account_type", "time_zone", "locale", "active", "deleted", "last_login", "token_expires_at", "id", "created", "updated") VALUES ('acc-55fb83a9f7324e0ad70d384e', 'Zoe Clark', 'zoeclark.store@yahoo.com', 'zoeclark.store@yahoo.com', 'zoeclark.store', 'atlassian', 'America/New_York', 'en_US', 1, 0, '2025-09-08 17:34:28', '2025-09-08 17:34:28', 10017, '2025-09-08 17:34:28', '2025-09-08 17:34:28');
INSERT INTO "user" ("account_id", "display_name", "email_address", "email", "username", "account_type", "time_zone", "locale", "active", "deleted", "last_login", "token_expires_at", "id", "created", "updated") VALUES ('acc-82e3771ce0b8bc5176b1e7bc', 'Wyatt Lewis', 'wyatt.lewis.tech@outlook.com', 'wyatt.lewis.tech@outlook.com', 'wyatt.lewis.tech', 'atlassian', 'America/New_York', 'en_US', 1, 0, '2025-09-08 17:34:28', '2025-09-08 17:34:28', 10018, '2025-09-08 17:34:28', '2025-09-08 17:34:28');
INSERT INTO "user" ("account_id", "display_name", "email_address", "email", "username", "account_type", "time_zone", "locale", "active", "deleted", "last_login", "token_expires_at", "id", "created", "updated") VALUES ('acc-4f0de88921512da42b0fcb80', 'Mia Robinson', 'mia.r.home@gmail.com', 'mia.r.home@gmail.com', 'mia.r.home', 'atlassian', 'America/New_York', 'en_US', 1, 0, '2025-09-08 17:34:28', '2025-09-08 17:34:28', 10019, '2025-09-08 17:34:28', '2025-09-08 17:34:28');
INSERT INTO "user" ("account_id", "display_name", "email_address", "email", "username", "account_type", "time_zone", "locale", "active", "deleted", "last_login", "token_expires_at", "id", "created", "updated") VALUES ('acc-613ddf13d6b666f46657c546', 'Caleb Walker', 'caleb.walker.pets@yahoo.com', 'caleb.walker.pets@yahoo.com', 'caleb.walker.pets', 'atlassian', 'America/New_York', 'en_US', 1, 0, '2025-09-08 17:34:28', '2025-09-08 17:34:28', 10020, '2025-09-08 17:34:28', '2025-09-08 17:34:28');
INSERT INTO "user" ("account_id", "display_name", "email_address", "email", "username", "account_type", "time_zone", "locale", "active", "deleted", "last_login", "token_expires_at", "id", "created", "updated") VALUES ('acc-48b702036ce7f61c39ccc07f', 'Penelope Young', 'penelope.y.gaming@hotmail.com', 'penelope.y.gaming@hotmail.com', 'penelope.y.gaming', 'atlassian', 'America/New_York', 'en_US', 1, 0, '2025-09-08 17:34:28', '2025-09-08 17:34:28', 10021, '2025-09-08 17:34:28', '2025-09-08 17:34:28');
INSERT INTO "user" ("account_id", "display_name", "email_address", "email", "username", "account_type", "time_zone", "locale", "active", "deleted", "last_login", "token_expires_at", "id", "created", "updated") VALUES ('acc-9c1a9927e623106d56b4db52', 'Isaac Allen', 'isaac.allen.goods@gmail.com', 'isaac.allen.goods@gmail.com', 'isaac.allen.goods', 'atlassian', 'America/New_York', 'en_US', 1, 0, '2025-09-08 17:34:28', '2025-09-08 17:34:28', 10022, '2025-09-08 17:34:28', '2025-09-08 17:34:28');
INSERT INTO "user" ("account_id", "display_name", "email_address", "email", "username", "account_type", "time_zone", "locale", "active", "deleted", "last_login", "token_expires_at", "id", "created", "updated") VALUES ('acc-0405d23d51b1fdb779dd0dc8', 'Riley King', 'riley.king.sales@yahoo.com', 'riley.king.sales@yahoo.com', 'riley.king.sales', 'atlassian', 'America/New_York', 'en_US', 1, 0, '2025-09-08 17:34:28', '2025-09-08 17:34:28', 10023, '2025-09-08 17:34:28', '2025-09-08 17:34:28');
INSERT INTO "user" ("account_id", "display_name", "email_address", "email", "username", "account_type", "time_zone", "locale", "active", "deleted", "last_login", "token_expires_at", "id", "created", "updated") VALUES ('acc-fa3977b5e6701d9706a49589', 'Genesis Wright', 'genesis.wright.tech@protonmail.com', 'genesis.wright.tech@protonmail.com', 'genesis.wright.tech', 'atlassian', 'America/New_York', 'en_US', 1, 0, '2025-09-08 17:34:28', '2025-09-08 17:34:28', 10024, '2025-09-08 17:34:28', '2025-09-08 17:34:28');
INSERT INTO "user" ("account_id", "display_name", "email_address", "email", "username", "account_type", "time_zone", "locale", "active", "deleted", "last_login", "token_expires_at", "id", "created", "updated") VALUES ('acc-f0729f325e55f334e62a7b97', 'Dominic Scott', 'dominic.scott.home@gmail.com', 'dominic.scott.home@gmail.com', 'dominic.scott.home', 'atlassian', 'America/New_York', 'en_US', 1, 0, '2025-09-08 17:34:28', '2025-09-08 17:34:28', 10025, '2025-09-08 17:34:28', '2025-09-08 17:34:28');
INSERT INTO "user" ("account_id", "display_name", "email_address", "email", "username", "account_type", "time_zone", "locale", "active", "deleted", "last_login", "token_expires_at", "id", "created", "updated") VALUES ('acc-e0bf68abfe209baae1a1e039', 'Bella Green', 'bella.green.pets@yahoo.com', 'bella.green.pets@yahoo.com', 'bella.green.pets', 'atlassian', 'America/New_York', 'en_US', 1, 0, '2025-09-08 17:34:28', '2025-09-08 17:34:28', 10026, '2025-09-08 17:34:28', '2025-09-08 17:34:28');
INSERT INTO "user" ("account_id", "display_name", "email_address", "email", "username", "account_type", "time_zone", "locale", "active", "deleted", "last_login", "token_expires_at", "id", "created", "updated") VALUES ('acc-ee9604370d9ca5c9e27acd39', 'Xavier Adams', 'xavier.adams.gaming@hotmail.com', 'xavier.adams.gaming@hotmail.com', 'xavier.adams.gaming', 'atlassian', 'America/New_York', 'en_US', 1, 0, '2025-09-08 17:34:28', '2025-09-08 17:34:28', 10027, '2025-09-08 17:34:28', '2025-09-08 17:34:28');
INSERT INTO "user" ("account_id", "display_name", "email_address", "email", "username", "account_type", "time_zone", "locale", "active", "deleted", "last_login", "token_expires_at", "id", "created", "updated") VALUES ('acc-6b4c86f595d1e34ce19b3f84', 'Violet Baker', 'violet.baker.store@gmail.com', 'violet.baker.store@gmail.com', 'violet.baker.store', 'atlassian', 'America/New_York', 'en_US', 1, 0, '2025-09-08 17:34:28', '2025-09-08 17:34:28', 10028, '2025-09-08 17:34:28', '2025-09-08 17:34:28');
INSERT INTO "user" ("account_id", "display_name", "email_address", "email", "username", "account_type", "time_zone", "locale", "active", "deleted", "last_login", "token_expires_at", "id", "created", "updated") VALUES ('acc-4cfc1c2bfb011aa135a6611e', 'Angel Nelson', 'angel.nelson.sales@yahoo.com', 'angel.nelson.sales@yahoo.com', 'angel.nelson.sales', 'atlassian', 'America/New_York', 'en_US', 1, 0, '2025-09-08 17:34:28', '2025-09-08 17:34:28', 10029, '2025-09-08 17:34:28', '2025-09-08 17:34:28');
INSERT INTO "user" ("account_id", "display_name", "email_address", "email", "username", "account_type", "time_zone", "locale", "active", "deleted", "last_login", "token_expires_at", "id", "created", "updated") VALUES ('acc-a8b2e27fe4c9955d6b366cd8', 'Everly Carter', 'everly.carter.tech@icloud.com', 'everly.carter.tech@icloud.com', 'everly.carter.tech', 'atlassian', 'America/New_York', 'en_US', 1, 0, '2025-09-08 17:34:28', '2025-09-08 17:34:28', 10030, '2025-09-08 17:34:28', '2025-09-08 17:34:28');
INSERT INTO "user" ("account_id", "display_name", "email_address", "email", "username", "account_type", "time_zone", "locale", "active", "deleted", "last_login", "token_expires_at", "id", "created", "updated") VALUES ('acc-1097793f2ee4400d5d964d4e', 'Nolan Mitchell', 'nolan.mitchell.home@gmail.com', 'nolan.mitchell.home@gmail.com', 'nolan.mitchell.home', 'atlassian', 'America/New_York', 'en_US', 1, 0, '2025-09-08 17:34:28', '2025-09-08 17:34:28', 10031, '2025-09-08 17:34:28', '2025-09-08 17:34:28');
INSERT INTO "user" ("account_id", "display_name", "email_address", "email", "username", "account_type", "time_zone", "locale", "active", "deleted", "last_login", "token_expires_at", "id", "created", "updated") VALUES ('acc-965b6917dad0c6b02599dd7e', 'Stella Perez', 'stella.perez.pets@yahoo.com', 'stella.perez.pets@yahoo.com', 'stella.perez.pets', 'atlassian', 'America/New_York', 'en_US', 1, 0, '2025-09-08 17:34:28', '2025-09-08 17:34:28', 10032, '2025-09-08 17:34:28', '2025-09-08 17:34:28');
INSERT INTO "user" ("account_id", "display_name", "email_address", "email", "username", "account_type", "time_zone", "locale", "active", "deleted", "last_login", "token_expires_at", "id", "created", "updated") VALUES ('acc-9578e8f3045b1adb8657afdb', 'Ezra Roberts', 'ezra.roberts.gaming@hotmail.com', 'ezra.roberts.gaming@hotmail.com', 'ezra.roberts.gaming', 'atlassian', 'America/New_York', 'en_US', 1, 0, '2025-09-08 17:34:28', '2025-09-08 17:34:28', 10033, '2025-09-08 17:34:28', '2025-09-08 17:34:28');
INSERT INTO "user" ("account_id", "display_name", "email_address", "email", "username", "account_type", "time_zone", "locale", "active", "deleted", "last_login", "token_expires_at", "id", "created", "updated") VALUES ('acc-841200921686e889fc5a5c2a', 'Nova Turner', 'nova.turner.llc@gmail.com', 'nova.turner.llc@gmail.com', 'nova.turner.llc', 'atlassian', 'America/New_York', 'en_US', 1, 0, '2025-09-08 17:34:28', '2025-09-08 17:34:28', 10034, '2025-09-08 17:34:28', '2025-09-08 17:34:28');
INSERT INTO "user" ("account_id", "display_name", "email_address", "email", "username", "account_type", "time_zone", "locale", "active", "deleted", "last_login", "token_expires_at", "id", "created", "updated") VALUES ('acc-b98a2b49c069146793135af5', 'Miles Phillips', 'miles.p.sales@yahoo.com', 'miles.p.sales@yahoo.com', 'miles.p.sales', 'atlassian', 'America/New_York', 'en_US', 1, 0, '2025-09-08 17:34:28', '2025-09-08 17:34:28', 10035, '2025-09-08 17:34:28', '2025-09-08 17:34:28');
INSERT INTO "user" ("account_id", "display_name", "email_address", "email", "username", "account_type", "time_zone", "locale", "active", "deleted", "last_login", "token_expires_at", "id", "created", "updated") VALUES ('acc-8e845c2ffe2bba848aaa5522', 'Aurora Campbell', 'aurora.c.tech@outlook.com', 'aurora.c.tech@outlook.com', 'aurora.c.tech', 'atlassian', 'America/New_York', 'en_US', 1, 0, '2025-09-08 17:34:28', '2025-09-08 17:34:28', 10036, '2025-09-08 17:34:28', '2025-09-08 17:34:28');
INSERT INTO "user" ("account_id", "display_name", "email_address", "email", "username", "account_type", "time_zone", "locale", "active", "deleted", "last_login", "token_expires_at", "id", "created", "updated") VALUES ('acc-061cb50629a438bc8513250e', 'Leo Parker', 'leo.parker.home@gmail.com', 'leo.parker.home@gmail.com', 'leo.parker.home', 'atlassian', 'America/New_York', 'en_US', 1, 0, '2025-09-08 17:34:28', '2025-09-08 17:34:28', 10037, '2025-09-08 17:34:28', '2025-09-08 17:34:28');
INSERT INTO "user" ("account_id", "display_name", "email_address", "email", "username", "account_type", "time_zone", "locale", "active", "deleted", "last_login", "token_expires_at", "id", "created", "updated") VALUES ('acc-024bb00fe90fbd0875b13575', 'Hazel Evans', 'hazel.evans.pets@yahoo.com', 'hazel.evans.pets@yahoo.com', 'hazel.evans.pets', 'atlassian', 'America/New_York', 'en_US', 1, 0, '2025-09-08 17:34:28', '2025-09-08 17:34:28', 10038, '2025-09-08 17:34:28', '2025-09-08 17:34:28');
INSERT INTO "user" ("account_id", "display_name", "email_address", "email", "username", "account_type", "time_zone", "locale", "active", "deleted", "last_login", "token_expires_at", "id", "created", "updated") VALUES ('acc-bb028c34934f0c8b814009b0', 'Asher Edwards', 'asher.edwards.gaming@hotmail.com', 'asher.edwards.gaming@hotmail.com', 'asher.edwards.gaming', 'atlassian', 'America/New_York', 'en_US', 1, 0, '2025-09-08 17:34:28', '2025-09-08 17:34:28', 10039, '2025-09-08 17:34:28', '2025-09-08 17:34:28');
INSERT INTO "user" ("account_id", "display_name", "email_address", "email", "username", "account_type", "time_zone", "locale", "active", "deleted", "last_login", "token_expires_at", "id", "created", "updated") VALUES ('acc-e7a569e7ee0f612f634165f3', 'Aria Collins', 'aria.collins.store@gmail.com', 'aria.collins.store@gmail.com', 'aria.collins.store', 'atlassian', 'America/New_York', 'en_US', 1, 0, '2025-09-08 17:34:28', '2025-09-08 17:34:28', 10040, '2025-09-08 17:34:28', '2025-09-08 17:34:28');
INSERT INTO "user" ("account_id", "display_name", "email_address", "email", "username", "account_type", "time_zone", "locale", "active", "deleted", "last_login", "token_expires_at", "id", "created", "updated") VALUES ('acc-e7238da788579a31bb25fa6d', 'Kai Stewart', 'kai.stewart.sales@yahoo.com', 'kai.stewart.sales@yahoo.com', 'kai.stewart.sales', 'atlassian', 'America/New_York', 'en_US', 1, 0, '2025-09-08 17:34:28', '2025-09-08 17:34:28', 10041, '2025-09-08 17:34:28', '2025-09-08 17:34:28');
INSERT INTO "user" ("account_id", "display_name", "email_address", "email", "username", "account_type", "time_zone", "locale", "active", "deleted", "last_login", "token_expires_at", "id", "created", "updated") VALUES ('acc-6257913cf962a727a023f824', 'Isla Sanchez', 'isla.sanchez.tech@outlook.com', 'isla.sanchez.tech@outlook.com', 'isla.sanchez.tech', 'atlassian', 'America/New_York', 'en_US', 1, 0, '2025-09-08 17:34:28', '2025-09-08 17:34:28', 10042, '2025-09-08 17:34:28', '2025-09-08 17:34:28');
INSERT INTO "user" ("account_id", "display_name", "email_address", "email", "username", "account_type", "time_zone", "locale", "active", "deleted", "last_login", "token_expires_at", "id", "created", "updated") VALUES ('acc-71ed55803c21ca27d7fb60db', 'Mateo Morris', 'mateo.morris.home@gmail.com', 'mateo.morris.home@gmail.com', 'mateo.morris.home', 'atlassian', 'America/New_York', 'en_US', 1, 0, '2025-09-08 17:34:28', '2025-09-08 17:34:28', 10043, '2025-09-08 17:34:28', '2025-09-08 17:34:28');
INSERT INTO "user" ("account_id", "display_name", "email_address", "email", "username", "account_type", "time_zone", "locale", "active", "deleted", "last_login", "token_expires_at", "id", "created", "updated") VALUES ('acc-025086447ad3f5f906a4541a', 'Luna Rogers', 'luna.rogers.pets@yahoo.com', 'luna.rogers.pets@yahoo.com', 'luna.rogers.pets', 'atlassian', 'America/New_York', 'en_US', 1, 0, '2025-09-08 17:34:28', '2025-09-08 17:34:28', 10044, '2025-09-08 17:34:28', '2025-09-08 17:34:28');
INSERT INTO "user" ("account_id", "display_name", "email_address", "email", "username", "account_type", "time_zone", "locale", "active", "deleted", "last_login", "token_expires_at", "id", "created", "updated") VALUES ('acc-458d307334c1d23d166979a1', 'Elias Reed', 'elias.reed.gaming@hotmail.com', 'elias.reed.gaming@hotmail.com', 'elias.reed.gaming', 'atlassian', 'America/New_York', 'en_US', 1, 0, '2025-09-08 17:34:28', '2025-09-08 17:34:28', 10045, '2025-09-08 17:34:28', '2025-09-08 17:34:28');
INSERT INTO "user" ("account_id", "display_name", "email_address", "email", "username", "account_type", "time_zone", "locale", "active", "deleted", "last_login", "token_expires_at", "id", "created", "updated") VALUES ('acc-5a86d36a5d810ffa4e7affa2', 'Camila Cook', 'camila.cook.llc@gmail.com', 'camila.cook.llc@gmail.com', 'camila.cook.llc', 'atlassian', 'America/New_York', 'en_US', 1, 0, '2025-09-08 17:34:28', '2025-09-08 17:34:28', 10046, '2025-09-08 17:34:28', '2025-09-08 17:34:28');
INSERT INTO "user" ("account_id", "display_name", "email_address", "email", "username", "account_type", "time_zone", "locale", "active", "deleted", "last_login", "token_expires_at", "id", "created", "updated") VALUES ('acc-82d825d7b18632fe57e07146', 'Levi Morgan', 'levi.morgan.sales@yahoo.com', 'levi.morgan.sales@yahoo.com', 'levi.morgan.sales', 'atlassian', 'America/New_York', 'en_US', 1, 0, '2025-09-08 17:34:28', '2025-09-08 17:34:28', 10047, '2025-09-08 17:34:28', '2025-09-08 17:34:28');
INSERT INTO "user" ("account_id", "display_name", "email_address", "email", "username", "account_type", "time_zone", "locale", "active", "deleted", "last_login", "token_expires_at", "id", "created", "updated") VALUES ('acc-da19491155f83d0342aa9e7c', 'Eleanor Bell', 'eleanor.b.tech@protonmail.com', 'eleanor.b.tech@protonmail.com', 'eleanor.b.tech', 'atlassian', 'America/New_York', 'en_US', 1, 0, '2025-09-08 17:34:28', '2025-09-08 17:34:28', 10048, '2025-09-08 17:34:28', '2025-09-08 17:34:28');
INSERT INTO "user" ("account_id", "display_name", "email_address", "email", "username", "account_type", "time_zone", "locale", "active", "deleted", "last_login", "token_expires_at", "id", "created", "updated") VALUES ('acc-d15e36407426227effaba2f3', 'Josiah Murphy', 'josiah.murphy.home@gmail.com', 'josiah.murphy.home@gmail.com', 'josiah.murphy.home', 'atlassian', 'America/New_York', 'en_US', 1, 0, '2025-09-08 17:34:28', '2025-09-08 17:34:28', 10049, '2025-09-08 17:34:28', '2025-09-08 17:34:28');
INSERT INTO "user" ("account_id", "display_name", "email_address", "email", "username", "account_type", "time_zone", "locale", "active", "deleted", "last_login", "token_expires_at", "id", "created", "updated") VALUES ('acc-49aaf5bc9776a21589aeb64c', 'Willow Bailey', 'willow.bailey.pets@yahoo.com', 'willow.bailey.pets@yahoo.com', 'willow.bailey.pets', 'atlassian', 'America/New_York', 'en_US', 1, 0, '2025-09-08 17:34:28', '2025-09-08 17:34:28', 10050, '2025-09-08 17:34:28', '2025-09-08 17:34:28');
INSERT INTO "user" ("account_id", "display_name", "email_address", "email", "username", "account_type", "time_zone", "locale", "active", "deleted", "last_login", "token_expires_at", "id", "created", "updated") VALUES ('acc-a1322531671627ba6d2c643a', 'Ezekiel Rivera', 'ezekiel.r.gaming@hotmail.com', 'ezekiel.r.gaming@hotmail.com', 'ezekiel.r.gaming', 'atlassian', 'America/New_York', 'en_US', 1, 0, '2025-09-08 17:34:28', '2025-09-08 17:34:28', 10051, '2025-09-08 17:34:28', '2025-09-08 17:34:28');
INSERT INTO "user" ("account_id", "display_name", "email_address", "email", "username", "account_type", "time_zone", "locale", "active", "deleted", "last_login", "token_expires_at", "id", "created", "updated") VALUES ('acc-8ebfda0c4849cf32e05c1d0f', 'Clara Cooper', 'clara.cooper.store@gmail.com', 'clara.cooper.store@gmail.com', 'clara.cooper.store', 'atlassian', 'America/New_York', 'en_US', 1, 0, '2025-09-08 17:34:28', '2025-09-08 17:34:28', 10052, '2025-09-08 17:34:28', '2025-09-08 17:34:28');
INSERT INTO "user" ("account_id", "display_name", "email_address", "email", "username", "account_type", "time_zone", "locale", "active", "deleted", "last_login", "token_expires_at", "id", "created", "updated") VALUES ('acc-37a0b1b546485ebbeb5ca511', 'Theodore Richardson', 'theo.r.sales@yahoo.com', 'theo.r.sales@yahoo.com', 'theo.r.sales', 'atlassian', 'America/New_York', 'en_US', 1, 0, '2025-09-08 17:34:28', '2025-09-08 17:34:28', 10053, '2025-09-08 17:34:28', '2025-09-08 17:34:28');
INSERT INTO "user" ("account_id", "display_name", "email_address", "email", "username", "account_type", "time_zone", "locale", "active", "deleted", "last_login", "token_expires_at", "id", "created", "updated") VALUES ('acc-88434561ac64de57d9294512', 'Madeline Cox', 'madeline.c.tech@outlook.com', 'madeline.c.tech@outlook.com', 'madeline.c.tech', 'atlassian', 'America/New_York', 'en_US', 1, 0, '2025-09-08 17:34:28', '2025-09-08 17:34:28', 10054, '2025-09-08 17:34:28', '2025-09-08 17:34:28');
INSERT INTO "user" ("account_id", "display_name", "email_address", "email", "username", "account_type", "time_zone", "locale", "active", "deleted", "last_login", "token_expires_at", "id", "created", "updated") VALUES ('acc-28075e691b4eaee9e8445627', 'Adam Howard', 'adam.howard.home@gmail.com', 'adam.howard.home@gmail.com', 'adam.howard.home', 'atlassian', 'America/New_York', 'en_US', 1, 0, '2025-09-08 17:34:28', '2025-09-08 17:34:28', 10055, '2025-09-08 17:34:28', '2025-09-08 17:34:28');
INSERT INTO "user" ("account_id", "display_name", "email_address", "email", "username", "account_type", "time_zone", "locale", "active", "deleted", "last_login", "token_expires_at", "id", "created", "updated") VALUES ('acc-e36d1c2d92320a174b6670e7', 'Sarah Ward', 'sarah.ward.pets@yahoo.com', 'sarah.ward.pets@yahoo.com', 'sarah.ward.pets', 'atlassian', 'America/New_York', 'en_US', 1, 0, '2025-09-08 17:34:28', '2025-09-08 17:34:28', 10056, '2025-09-08 17:34:28', '2025-09-08 17:34:28');
INSERT INTO "user" ("account_id", "display_name", "email_address", "email", "username", "account_type", "time_zone", "locale", "active", "deleted", "last_login", "token_expires_at", "id", "created", "updated") VALUES ('acc-22dee7f85fcfb896d4fa0a55', 'Gabriel Torres', 'gabe.torres.gaming@hotmail.com', 'gabe.torres.gaming@hotmail.com', 'gabe.torres.gaming', 'atlassian', 'America/New_York', 'en_US', 1, 0, '2025-09-08 17:34:28', '2025-09-08 17:34:28', 10057, '2025-09-08 17:34:28', '2025-09-08 17:34:28');
INSERT INTO "user" ("account_id", "display_name", "email_address", "email", "username", "account_type", "time_zone", "locale", "active", "deleted", "last_login", "token_expires_at", "id", "created", "updated") VALUES ('acc-d33af0bee429915f58ae9b45', 'Autumn Peterson', 'autumn.p.llc@gmail.com', 'autumn.p.llc@gmail.com', 'autumn.p.llc', 'atlassian', 'America/New_York', 'en_US', 1, 0, '2025-09-08 17:34:28', '2025-09-08 17:34:28', 10058, '2025-09-08 17:34:28', '2025-09-08 17:34:28');
INSERT INTO "user" ("account_id", "display_name", "email_address", "email", "username", "account_type", "time_zone", "locale", "active", "deleted", "last_login", "token_expires_at", "id", "created", "updated") VALUES ('acc-76543a6a2ff541f62fec220f', 'Julian Gray', 'julian.gray.sales@yahoo.com', 'julian.gray.sales@yahoo.com', 'julian.gray.sales', 'atlassian', 'America/New_York', 'en_US', 1, 0, '2025-09-08 17:34:28', '2025-09-08 17:34:28', 10059, '2025-09-08 17:34:28', '2025-09-08 17:34:28');
INSERT INTO "user" ("account_id", "display_name", "email_address", "email", "username", "account_type", "time_zone", "locale", "active", "deleted", "last_login", "token_expires_at", "id", "created", "updated") VALUES ('acc-31d59d8c33e17a7bbb9df518', 'Naomi Ramirez', 'naomi.r.tech@icloud.com', 'naomi.r.tech@icloud.com', 'naomi.r.tech', 'atlassian', 'America/New_York', 'en_US', 1, 0, '2025-09-08 17:34:28', '2025-09-08 17:34:28', 10060, '2025-09-08 17:34:28', '2025-09-08 17:34:28');
INSERT INTO "user" ("account_id", "display_name", "email_address", "email", "username", "account_type", "time_zone", "locale", "active", "deleted", "last_login", "token_expires_at", "id", "created", "updated") VALUES ('acc-6dfa078be486bb3409154b96', 'Lincoln James', 'lincoln.james.home@gmail.com', 'lincoln.james.home@gmail.com', 'lincoln.james.home', 'atlassian', 'America/New_York', 'en_US', 1, 0, '2025-09-08 17:34:28', '2025-09-08 17:34:28', 10061, '2025-09-08 17:34:28', '2025-09-08 17:34:28');
INSERT INTO "user" ("account_id", "display_name", "email_address", "email", "username", "account_type", "time_zone", "locale", "active", "deleted", "last_login", "token_expires_at", "id", "created", "updated") VALUES ('acc-46ca937ad55f023b3f56049c', 'Caroline Watson', 'caroline.w.pets@yahoo.com', 'caroline.w.pets@yahoo.com', 'caroline.w.pets', 'atlassian', 'America/New_York', 'en_US', 1, 0, '2025-09-08 17:34:28', '2025-09-08 17:34:28', 10062, '2025-09-08 17:34:28', '2025-09-08 17:34:28');
INSERT INTO "user" ("account_id", "display_name", "email_address", "email", "username", "account_type", "time_zone", "locale", "active", "deleted", "last_login", "token_expires_at", "id", "created", "updated") VALUES ('acc-941fb596c9616e7ef8d0cdef', 'Ryan Brooks', 'ryan.brooks.gaming@hotmail.com', 'ryan.brooks.gaming@hotmail.com', 'ryan.brooks.gaming', 'atlassian', 'America/New_York', 'en_US', 1, 0, '2025-09-08 17:34:28', '2025-09-08 17:34:28', 10063, '2025-09-08 17:34:28', '2025-09-08 17:34:28');
INSERT INTO "user" ("account_id", "display_name", "email_address", "email", "username", "account_type", "time_zone", "locale", "active", "deleted", "last_login", "token_expires_at", "id", "created", "updated") VALUES ('acc-53e725d4efe743fd6bd16567', 'Genesis Kelly', 'genesis.kelly.store@gmail.com', 'genesis.kelly.store@gmail.com', 'genesis.kelly.store', 'atlassian', 'America/New_York', 'en_US', 1, 0, '2025-09-08 17:34:28', '2025-09-08 17:34:28', 10064, '2025-09-08 17:34:28', '2025-09-08 17:34:28');
INSERT INTO "user" ("account_id", "display_name", "email_address", "email", "username", "account_type", "time_zone", "locale", "active", "deleted", "last_login", "token_expires_at", "id", "created", "updated") VALUES ('acc-eea89b89dcfdc0f91dafd88c', 'Leonardo Sanders', 'leo.sanders.sales@yahoo.com', 'leo.sanders.sales@yahoo.com', 'leo.sanders.sales', 'atlassian', 'America/New_York', 'en_US', 1, 0, '2025-09-08 17:34:28', '2025-09-08 17:34:28', 10065, '2025-09-08 17:34:28', '2025-09-08 17:34:28');
INSERT INTO "user" ("account_id", "display_name", "email_address", "email", "username", "account_type", "time_zone", "locale", "active", "deleted", "last_login", "token_expires_at", "id", "created", "updated") VALUES ('acc-d70b4633ef6f9c243a3d23a5', 'Audrey Price', 'audrey.p.tech@outlook.com', 'audrey.p.tech@outlook.com', 'audrey.p.tech', 'atlassian', 'America/New_York', 'en_US', 1, 0, '2025-09-08 17:34:28', '2025-09-08 17:34:28', 10066, '2025-09-08 17:34:28', '2025-09-08 17:34:28');
INSERT INTO "user" ("account_id", "display_name", "email_address", "email", "username", "account_type", "time_zone", "locale", "active", "deleted", "last_login", "token_expires_at", "id", "created", "updated") VALUES ('acc-6fbaf0bbcf0b5b21ce8c2c50', 'Skylar Bennett', 'skylar.b.home@gmail.com', 'skylar.b.home@gmail.com', 'skylar.b.home', 'atlassian', 'America/New_York', 'en_US', 1, 0, '2025-09-08 17:34:28', '2025-09-08 17:34:28', 10067, '2025-09-08 17:34:28', '2025-09-08 17:34:28');
INSERT INTO "user" ("account_id", "display_name", "email_address", "email", "username", "account_type", "time_zone", "locale", "active", "deleted", "last_login", "token_expires_at", "id", "created", "updated") VALUES ('acc-de882cf454aac68c0df092ba', 'Roman Wood', 'roman.wood.pets@yahoo.com', 'roman.wood.pets@yahoo.com', 'roman.wood.pets', 'atlassian', 'America/New_York', 'en_US', 1, 0, '2025-09-08 17:34:28', '2025-09-08 17:34:28', 10068, '2025-09-08 17:34:28', '2025-09-08 17:34:28');
INSERT INTO "user" ("account_id", "display_name", "email_address", "email", "username", "account_type", "time_zone", "locale", "active", "deleted", "last_login", "token_expires_at", "id", "created", "updated") VALUES ('acc-7a94b51f21cd52df96b9175d', 'Jasmine Barnes', 'jasmine.b.gaming@hotmail.com', 'jasmine.b.gaming@hotmail.com', 'jasmine.b.gaming', 'atlassian', 'America/New_York', 'en_US', 1, 0, '2025-09-08 17:34:28', '2025-09-08 17:34:28', 10069, '2025-09-08 17:34:28', '2025-09-08 17:34:28');
INSERT INTO "user" ("account_id", "display_name", "email_address", "email", "username", "account_type", "time_zone", "locale", "active", "deleted", "last_login", "token_expires_at", "id", "created", "updated") VALUES ('acc-1795eab3bb16b40422644e00', 'Robert Ross', 'robert.ross.llc@gmail.com', 'robert.ross.llc@gmail.com', 'robert.ross.llc', 'atlassian', 'America/New_York', 'en_US', 1, 0, '2025-09-08 17:34:28', '2025-09-08 17:34:28', 10070, '2025-09-08 17:34:28', '2025-09-08 17:34:28');
INSERT INTO "user" ("account_id", "display_name", "email_address", "email", "username", "account_type", "time_zone", "locale", "active", "deleted", "last_login", "token_expires_at", "id", "created", "updated") VALUES ('acc-40831e941a33251b706672fd', 'Allison Henderson', 'allison.h.sales@yahoo.com', 'allison.h.sales@yahoo.com', 'allison.h.sales', 'atlassian', 'America/New_York', 'en_US', 1, 0, '2025-09-08 17:34:28', '2025-09-08 17:34:28', 10071, '2025-09-08 17:34:28', '2025-09-08 17:34:28');
INSERT INTO "user" ("account_id", "display_name", "email_address", "email", "username", "account_type", "time_zone", "locale", "active", "deleted", "last_login", "token_expires_at", "id", "created", "updated") VALUES ('acc-4f7e691070861cf82be2818a', 'David Coleman', 'david.c.tech@protonmail.com', 'david.c.tech@protonmail.com', 'david.c.tech', 'atlassian', 'America/New_York', 'en_US', 1, 0, '2025-09-08 17:34:28', '2025-09-08 17:34:28', 10072, '2025-09-08 17:34:28', '2025-09-08 17:34:28');
INSERT INTO "user" ("account_id", "display_name", "email_address", "email", "username", "account_type", "time_zone", "locale", "active", "deleted", "last_login", "token_expires_at", "id", "created", "updated") VALUES ('acc-f79f34ceefbdf6d1910b3a93', 'Natalie Jenkins', 'natalie.j.home@gmail.com', 'natalie.j.home@gmail.com', 'natalie.j.home', 'atlassian', 'America/New_York', 'en_US', 1, 0, '2025-09-08 17:34:28', '2025-09-08 17:34:28', 10073, '2025-09-08 17:34:28', '2025-09-08 17:34:28');
INSERT INTO "user" ("account_id", "display_name", "email_address", "email", "username", "account_type", "time_zone", "locale", "active", "deleted", "last_login", "token_expires_at", "id", "created", "updated") VALUES ('acc-5b26249f2d3dce54a112c1b2', 'Maria Perry', 'maria.perry.pets@yahoo.com', 'maria.perry.pets@yahoo.com', 'maria.perry.pets', 'atlassian', 'America/New_York', 'en_US', 1, 0, '2025-09-08 17:34:28', '2025-09-08 17:34:28', 10074, '2025-09-08 17:34:28', '2025-09-08 17:34:28');
INSERT INTO "user" ("account_id", "display_name", "email_address", "email", "username", "account_type", "time_zone", "locale", "active", "deleted", "last_login", "token_expires_at", "id", "created", "updated") VALUES ('acc-3de3a3552a56d24fabc0e429', 'Axel Powell', 'axel.p.gaming@hotmail.com', 'axel.p.gaming@hotmail.com', 'axel.p.gaming', 'atlassian', 'America/New_York', 'en_US', 1, 0, '2025-09-08 17:34:28', '2025-09-08 17:34:28', 10075, '2025-09-08 17:34:28', '2025-09-08 17:34:28');
INSERT INTO "user" ("account_id", "display_name", "email_address", "email", "username", "account_type", "time_zone", "locale", "active", "deleted", "last_login", "token_expires_at", "id", "created", "updated") VALUES ('acc-6ed629b32c7bd3b115bb282b', 'Serenity Long', 'serenity.l.store@gmail.com', 'serenity.l.store@gmail.com', 'serenity.l.store', 'atlassian', 'America/New_York', 'en_US', 1, 0, '2025-09-08 17:34:28', '2025-09-08 17:34:28', 10076, '2025-09-08 17:34:28', '2025-09-08 17:34:28');
INSERT INTO "user" ("account_id", "display_name", "email_address", "email", "username", "account_type", "time_zone", "locale", "active", "deleted", "last_login", "token_expires_at", "id", "created", "updated") VALUES ('acc-341ca4c1f445d90bbc7480b2', 'Connor Hughes', 'connor.hughes.sales@yahoo.com', 'connor.hughes.sales@yahoo.com', 'connor.hughes.sales', 'atlassian', 'America/New_York', 'en_US', 1, 0, '2025-09-08 17:34:28', '2025-09-08 17:34:28', 10077, '2025-09-08 17:34:28', '2025-09-08 17:34:28');
INSERT INTO "user" ("account_id", "display_name", "email_address", "email", "username", "account_type", "time_zone", "locale", "active", "deleted", "last_login", "token_expires_at", "id", "created", "updated") VALUES ('acc-1452eff51279f71e7c86cf21', 'Paisley Flores', 'paisley.f.tech@outlook.com', 'paisley.f.tech@outlook.com', 'paisley.f.tech', 'atlassian', 'America/New_York', 'en_US', 1, 0, '2025-09-08 17:34:28', '2025-09-08 17:34:28', 10078, '2025-09-08 17:34:28', '2025-09-08 17:34:28');
INSERT INTO "user" ("account_id", "display_name", "email_address", "email", "username", "account_type", "time_zone", "locale", "active", "deleted", "last_login", "token_expires_at", "id", "created", "updated") VALUES ('acc-90bd02897aa0557e99d20bfe', 'Silas Washington', 'silas.w.home@gmail.com', 'silas.w.home@gmail.com', 'silas.w.home', 'atlassian', 'America/New_York', 'en_US', 1, 0, '2025-09-08 17:34:28', '2025-09-08 17:34:28', 10079, '2025-09-08 17:34:28', '2025-09-08 17:34:28');
INSERT INTO "user" ("account_id", "display_name", "email_address", "email", "username", "account_type", "time_zone", "locale", "active", "deleted", "last_login", "token_expires_at", "id", "created", "updated") VALUES ('acc-ee1afd31af543180632ec096', 'Mackenzie Butler', 'mackenzie.b.pets@yahoo.com', 'mackenzie.b.pets@yahoo.com', 'mackenzie.b.pets', 'atlassian', 'America/New_York', 'en_US', 1, 0, '2025-09-08 17:34:28', '2025-09-08 17:34:28', 10080, '2025-09-08 17:34:28', '2025-09-08 17:34:28');
INSERT INTO "user" ("account_id", "display_name", "email_address", "email", "username", "account_type", "time_zone", "locale", "active", "deleted", "last_login", "token_expires_at", "id", "created", "updated") VALUES ('acc-c1191c492adb863f4eb46fac', 'Jordan Simmons', 'jordan.s.gaming@hotmail.com', 'jordan.s.gaming@hotmail.com', 'jordan.s.gaming', 'atlassian', 'America/New_York', 'en_US', 1, 0, '2025-09-08 17:34:28', '2025-09-08 17:34:28', 10081, '2025-09-08 17:34:28', '2025-09-08 17:34:28');
INSERT INTO "user" ("account_id", "display_name", "email_address", "email", "username", "account_type", "time_zone", "locale", "active", "deleted", "last_login", "token_expires_at", "id", "created", "updated") VALUES ('acc-25661acd3a134fa3bf5f0a31', 'Peyton Foster', 'peyton.foster.llc@gmail.com', 'peyton.foster.llc@gmail.com', 'peyton.foster.llc', 'atlassian', 'America/New_York', 'en_US', 1, 0, '2025-09-08 17:34:28', '2025-09-08 17:34:28', 10082, '2025-09-08 17:34:28', '2025-09-08 17:34:28');
INSERT INTO "user" ("account_id", "display_name", "email_address", "email", "username", "account_type", "time_zone", "locale", "active", "deleted", "last_login", "token_expires_at", "id", "created", "updated") VALUES ('acc-2fe3afd1ece21c2e10029adf', 'Carson Gonzales', 'carson.g.sales@yahoo.com', 'carson.g.sales@yahoo.com', 'carson.g.sales', 'atlassian', 'America/New_York', 'en_US', 1, 0, '2025-09-08 17:34:28', '2025-09-08 17:34:28', 10083, '2025-09-08 17:34:28', '2025-09-08 17:34:28');
INSERT INTO "user" ("account_id", "display_name", "email_address", "email", "username", "account_type", "time_zone", "locale", "active", "deleted", "last_login", "token_expires_at", "id", "created", "updated") VALUES ('acc-de840a953c10214fe00ed4be', 'Kennedy Bryant', 'kennedy.b.tech@icloud.com', 'kennedy.b.tech@icloud.com', 'kennedy.b.tech', 'atlassian', 'America/New_York', 'en_US', 1, 0, '2025-09-08 17:34:28', '2025-09-08 17:34:28', 10084, '2025-09-08 17:34:28', '2025-09-08 17:34:28');
INSERT INTO "user" ("account_id", "display_name", "email_address", "email", "username", "account_type", "time_zone", "locale", "active", "deleted", "last_login", "token_expires_at", "id", "created", "updated") VALUES ('acc-60d8a132d327bda93ed7653b', 'Austin Alexander', 'austin.a.home@gmail.com', 'austin.a.home@gmail.com', 'austin.a.home', 'atlassian', 'America/New_York', 'en_US', 1, 0, '2025-09-08 17:34:28', '2025-09-08 17:34:28', 10085, '2025-09-08 17:34:28', '2025-09-08 17:34:28');
INSERT INTO "user" ("account_id", "display_name", "email_address", "email", "username", "account_type", "time_zone", "locale", "active", "deleted", "last_login", "token_expires_at", "id", "created", "updated") VALUES ('acc-fa336155f16ac937c1933d0f', 'Taylor Russell', 'taylor.russell.pets@yahoo.com', 'taylor.russell.pets@yahoo.com', 'taylor.russell.pets', 'atlassian', 'America/New_York', 'en_US', 1, 0, '2025-09-08 17:34:28', '2025-09-08 17:34:28', 10086, '2025-09-08 17:34:28', '2025-09-08 17:34:28');
INSERT INTO "user" ("account_id", "display_name", "email_address", "email", "username", "account_type", "time_zone", "locale", "active", "deleted", "last_login", "token_expires_at", "id", "created", "updated") VALUES ('acc-bbeff70dfca093c86f796b29', 'Joseph Griffin', 'joseph.g.gaming@hotmail.com', 'joseph.g.gaming@hotmail.com', 'joseph.g.gaming', 'atlassian', 'America/New_York', 'en_US', 1, 0, '2025-09-08 17:34:28', '2025-09-08 17:34:28', 10087, '2025-09-08 17:34:28', '2025-09-08 17:34:28');
INSERT INTO "user" ("account_id", "display_name", "email_address", "email", "username", "account_type", "time_zone", "locale", "active", "deleted", "last_login", "token_expires_at", "id", "created", "updated") VALUES ('acc-e90112a94ac02ff0f1a320ea', 'Adeline Diaz', 'adeline.d.store@gmail.com', 'adeline.d.store@gmail.com', 'adeline.d.store', 'atlassian', 'America/New_York', 'en_US', 1, 0, '2025-09-08 17:34:28', '2025-09-08 17:34:28', 10088, '2025-09-08 17:34:28', '2025-09-08 17:34:28');
INSERT INTO "user" ("account_id", "display_name", "email_address", "email", "username", "account_type", "time_zone", "locale", "active", "deleted", "last_login", "token_expires_at", "id", "created", "updated") VALUES ('acc-41e23471584be832ab31a5ac', 'Automation Bot', 'automation@maxstoreamz.com', 'automation@maxstoreamz.com', 'automation', 'atlassian', 'America/New_York', 'en_US', 1, 0, '2025-09-08 17:34:28', '2025-09-08 17:34:28', 10089, '2025-09-08 17:34:28', '2025-09-08 17:34:28');
INSERT INTO "user" ("account_id", "display_name", "email_address", "email", "username", "account_type", "time_zone", "locale", "active", "deleted", "last_login", "token_expires_at", "id", "created", "updated") VALUES ('acc-78722b2207d4a61f785bda61', 'Operations Manager', 'ops.manager@maxstoreamz.com', 'ops.manager@maxstoreamz.com', 'ops.manager', 'atlassian', 'America/New_York', 'en_US', 1, 0, '2025-09-08 17:34:28', '2025-09-08 17:34:28', 10090, '2025-09-08 17:34:28', '2025-09-08 17:34:28');
INSERT INTO "user_group" ("name", "group_id", "description", "id", "created", "updated") VALUES ('jira-administrators', 'e7a4fe2d-7726-4a60-aafe-4ad87faebf2d', 'Jira Administrators', 1, '2025-09-08 17:34:28', '2025-09-08 17:34:28');
INSERT INTO "user_group" ("name", "group_id", "description", "id", "created", "updated") VALUES ('jira-software-users', '5111bd59-3806-4862-a2e0-dd00a2910808', 'Default access group for users', 2, '2025-09-08 17:34:28', '2025-09-08 17:34:28');
INSERT INTO "issue_type" ("name", "description", "subtask", "hierarchy_level", "id", "created", "updated") VALUES ('Task', 'A standard task that needs to be completed by the operations team.', 0, 0, 1, '2025-09-08 17:34:28', '2025-09-08 17:34:28');
INSERT INTO "issue_type" ("name", "description", "subtask", "hierarchy_level", "id", "created", "updated") VALUES ('Bug', 'A problem in the system causing incorrect data or behavior in order processing.', 0, 0, 2, '2025-09-08 17:34:28', '2025-09-08 17:34:28');
INSERT INTO "issue_status" ("name", "description", "status_category_key", "status_category_name", "id", "created", "updated") VALUES ('To Do', 'The issue is in the backlog, waiting for an operator to pick it up.', 'new', 'new', 1, '2025-09-08 17:34:28', '2025-09-08 17:34:28');
INSERT INTO "issue_status" ("name", "description", "status_category_key", "status_category_name", "id", "created", "updated") VALUES ('In Progress', 'This issue is being actively investigated or worked on at the moment.', 'new', 'new', 2, '2025-09-08 17:34:28', '2025-09-08 17:34:28');
INSERT INTO "issue_status" ("name", "description", "status_category_key", "status_category_name", "id", "created", "updated") VALUES ('In Review', 'The action is complete and is awaiting verification from a senior operator or manager.', 'new', 'new', 3, '2025-09-08 17:34:28', '2025-09-08 17:34:28');
INSERT INTO "issue_status" ("name", "description", "status_category_key", "status_category_name", "id", "created", "updated") VALUES ('Done', 'The issue has been resolved and no further action is required.', 'new', 'new', 4, '2025-09-08 17:34:28', '2025-09-08 17:34:28');
INSERT INTO "issue_status" ("name", "description", "status_category_key", "status_category_name", "id", "created", "updated") VALUES ('Blocked', 'This issue cannot be progressed due to an external dependency, such as waiting on the customer.', 'new', 'new', 5, '2025-09-08 17:34:28', '2025-09-08 17:34:28');
INSERT INTO "issue_priority" ("name", "description", "order_index", "id", "created", "updated") VALUES ('Highest', 'This issue represents a critical failure (e.g., data loss, major outage) and must be resolved immediately.', 0, 1, '2025-09-08 17:34:28', '2025-09-08 17:34:28');
INSERT INTO "issue_priority" ("name", "description", "order_index", "id", "created", "updated") VALUES ('High', 'This issue impacts a significant number of orders or revenue and should be addressed urgently.', 0, 2, '2025-09-08 17:34:28', '2025-09-08 17:34:28');
INSERT INTO "issue_priority" ("name", "description", "order_index", "id", "created", "updated") VALUES ('Medium', 'This issue is a standard operational task with a normal priority level.', 0, 3, '2025-09-08 17:34:28', '2025-09-08 17:34:28');
INSERT INTO "issue_priority" ("name", "description", "order_index", "id", "created", "updated") VALUES ('Low', 'This issue is of low priority and can be addressed when time permits.', 0, 4, '2025-09-08 17:34:28', '2025-09-08 17:34:28');
INSERT INTO "issue_resolution" ("name", "description", "id", "created", "updated") VALUES ('Fixed', 'A resolution has been implemented and the issue is considered resolved.', 1, '2025-09-08 17:34:28', '2025-09-08 17:34:28');
INSERT INTO "issue_resolution" ("name", "description", "id", "created", "updated") VALUES ('Won''t Fix', 'The issue was reviewed and a decision was made not to implement a fix.', 2, '2025-09-08 17:34:28', '2025-09-08 17:34:28');
INSERT INTO "issue_resolution" ("name", "description", "id", "created", "updated") VALUES ('Duplicate', 'The issue is a duplicate of another existing issue in the system.', 3, '2025-09-08 17:34:28', '2025-09-08 17:34:28');
INSERT INTO "issue_resolution" ("name", "description", "id", "created", "updated") VALUES ('Incomplete', 'There is not enough information to investigate or resolve the issue.', 4, '2025-09-08 17:34:28', '2025-09-08 17:34:28');
INSERT INTO "issue_resolution" ("name", "description", "id", "created", "updated") VALUES ('Cannot Reproduce', 'The reported problem could not be reproduced by the team.', 5, '2025-09-08 17:34:28', '2025-09-08 17:34:28');
INSERT INTO "field" ("field_id", "name", "description", "field_type", "schema_type", "searchable", "navigable", "orderable", "custom", "system", "key", "id", "created", "updated") VALUES ('customfield_10001', 'Amazon Order ID', 'Custom field to store the primary Amazon Order ID (e.g., 112-xxxxxxx-xxxxxxx).', 'string', 'string', 1, 1, 1, 1, 0, 'amazon-order-id', 10091, '2025-09-08 17:34:28', '2025-09-08 17:34:28');
INSERT INTO "field" ("field_id", "name", "description", "field_type", "schema_type", "searchable", "navigable", "orderable", "custom", "system", "key", "id", "created", "updated") VALUES ('customfield_10002', 'Seller Order ID', 'Custom field to store the seller-specific order identifier (e.g., SO-xxxxxx).', 'string', 'string', 1, 1, 1, 1, 0, 'seller-order-id', 10092, '2025-09-08 17:34:28', '2025-09-08 17:34:28');
INSERT INTO "field" ("field_id", "name", "description", "field_type", "schema_type", "searchable", "navigable", "orderable", "custom", "system", "key", "id", "created", "updated") VALUES ('customfield_10003', 'Root Cause', 'A dropdown field to categorize the source of an issue (e.g., API Error, Warehouse Error, Payment Gateway).', 'string', 'string', 1, 1, 1, 1, 0, 'root-cause', 10093, '2025-09-08 17:34:28', '2025-09-08 17:34:28');
INSERT INTO "workflow" ("name", "description", "is_editable", "id", "created", "updated") VALUES ('MFP Default Workflow', 'Standard workflow for handling operational tasks and bugs related to order fulfillment.', 1, 1, '2025-09-08 17:34:28', '2025-09-08 17:34:28');
INSERT INTO "permission" ("key", "name", "type", "id", "created", "updated") VALUES ('BROWSE_PROJECTS', 'Browse Projects', 'PROJECT', 1, '2025-09-08 17:34:28', '2025-09-08 17:34:28');
INSERT INTO "permission" ("key", "name", "type", "id", "created", "updated") VALUES ('CREATE_ISSUES', 'Create Issues', 'PROJECT', 2, '2025-09-08 17:34:28', '2025-09-08 17:34:28');
INSERT INTO "permission" ("key", "name", "type", "id", "created", "updated") VALUES ('EDIT_ISSUES', 'Edit Issues', 'PROJECT', 3, '2025-09-08 17:34:28', '2025-09-08 17:34:28');
INSERT INTO "permission_scheme" ("name", "description", "id", "created", "updated") VALUES ('Default Software Scheme', 'Default scheme for software projects', 1, '2025-09-08 17:34:28', '2025-09-08 17:34:28');
INSERT INTO "screen" ("name", "description", "id", "created", "updated") VALUES ('MFP: Create Issue Screen', 'The screen used for creating new issues in the Marketplace Fulfillment Platform project.', 1, '2025-09-08 17:34:28', '2025-09-08 17:34:28');
INSERT INTO "screen" ("name", "description", "id", "created", "updated") VALUES ('MFP: Edit/View Issue Screen', 'The default screen for viewing and editing existing issues in the MFP project.', 2, '2025-09-08 17:34:28', '2025-09-08 17:34:28');
INSERT INTO "screen" ("name", "description", "id", "created", "updated") VALUES ('MFP: Resolve Issue Screen', 'Screen displayed when an operator resolves an issue, prompting for resolution details.', 3, '2025-09-08 17:34:28', '2025-09-08 17:34:28');
INSERT INTO "label" ("id", "name", "description", "created", "updated") VALUES (1, 'payment-verification', 'Tasks related to orders flagged for manual payment review or verification.', '2025-09-08 17:34:28', '2025-09-08 17:34:28');
INSERT INTO "label" ("id", "name", "description", "created", "updated") VALUES (2, 'shipping-discrepancy', 'Issues where shipment status or quantities do not match order records.', '2025-09-08 17:34:28', '2025-09-08 17:34:28');
INSERT INTO "label" ("id", "name", "description", "created", "updated") VALUES (3, 'unshipped-item', 'Tracking for items within an order that have not yet been shipped, especially in partial shipments.', '2025-09-08 17:34:28', '2025-09-08 17:34:28');
INSERT INTO "label" ("id", "name", "description", "created", "updated") VALUES (4, 'api-sync-error', 'Relates to data inconsistencies caused by issues with the Amazon Seller Central API connection.', '2025-09-08 17:34:28', '2025-09-08 17:34:28');
INSERT INTO "label" ("id", "name", "description", "created", "updated") VALUES (5, 'customer-inquiry', 'An issue prompted by a direct communication or escalation from a buyer.', '2025-09-08 17:34:28', '2025-09-08 17:34:28');
INSERT INTO "label" ("id", "name", "description", "created", "updated") VALUES (6, 'missing-data', 'An order record is missing critical information, such as line items.', '2025-09-08 17:34:28', '2025-09-08 17:34:28');
INSERT INTO "dashboard" ("name", "description", "owner_id", "id", "created", "updated") VALUES ('Daily Fulfillment Operations', 'Real-time overview of today''s orders, shipping status, and any outstanding payment verifications or discrepancies requiring manual intervention.', 10001, 1, '2025-09-08 17:34:28', '2025-09-08 17:34:28');
INSERT INTO "dashboard" ("name", "description", "owner_id", "id", "created", "updated") VALUES ('Payment Verification Queue', 'A focused view of all orders currently flagged for manual payment verification, sorted by order value and age.', 10001, 2, '2025-09-08 17:34:28', '2025-09-08 17:34:28');
INSERT INTO "filter" ("name", "description", "jql", "owner_id", "id", "created", "updated") VALUES ('Orders Requiring Action', 'A filter to show all issues that are not in ''Done'' status and require manual intervention, such as payment holds or shipping discrepancies.', 'project = "AMZ" ORDER BY priority DESC, created DESC', 10001, 1, '2025-09-08 17:34:28', '2025-09-08 17:34:28');
INSERT INTO "filter" ("name", "description", "jql", "owner_id", "id", "created", "updated") VALUES ('High-Value Orders with Payment Flags', 'Shows all open issues with the ''payment-verification'' label where the order total is greater than $1000.', 'project = "AMZ" ORDER BY priority DESC, created DESC', 10001, 2, '2025-09-08 17:34:28', '2025-09-08 17:34:28');
INSERT INTO "filter" ("name", "description", "jql", "owner_id", "id", "created", "updated") VALUES ('Unshipped & Overdue', 'All issues related to orders that are still unshipped after their promised ship date has passed.', 'project = "AMZ" ORDER BY priority DESC, created DESC', 10001, 3, '2025-09-08 17:34:28', '2025-09-08 17:34:28');
INSERT INTO "user_group_membership" ("user_id", "group_id", "id", "created", "updated") VALUES (10001, 1, 10121, '2025-09-08 17:34:28', '2025-09-08 17:34:28');
INSERT INTO "user_group_membership" ("user_id", "group_id", "id", "created", "updated") VALUES (10001, 2, 10122, '2025-09-08 17:34:28', '2025-09-08 17:34:28');
INSERT INTO "user_group_membership" ("user_id", "group_id", "id", "created", "updated") VALUES (10002, 2, 10123, '2025-09-08 17:34:28', '2025-09-08 17:34:28');
INSERT INTO "user_group_membership" ("user_id", "group_id", "id", "created", "updated") VALUES (10003, 2, 10124, '2025-09-08 17:34:28', '2025-09-08 17:34:28');
INSERT INTO "user_group_membership" ("user_id", "group_id", "id", "created", "updated") VALUES (10004, 2, 10125, '2025-09-08 17:34:28', '2025-09-08 17:34:28');
INSERT INTO "user_group_membership" ("user_id", "group_id", "id", "created", "updated") VALUES (10005, 2, 10126, '2025-09-08 17:34:28', '2025-09-08 17:34:28');
INSERT INTO "field_configuration" ("name", "description", "field_id", "id", "created", "updated") VALUES ('Configuration 1', 'Default field configuration for the Marketplace Fulfillment Platform project.', 10091, 1, '2025-09-08 17:34:28', '2025-09-08 17:34:28');
INSERT INTO "field_configuration" ("name", "description", "field_id", "id", "created", "updated") VALUES ('Configuration 2', 'Configuration for Bug issue types, making the ''Root Cause'' field mandatory on resolution.', 10091, 2, '2025-09-08 17:34:28', '2025-09-08 17:34:28');
INSERT INTO "workflow_status" ("name", "description", "workflow_id", "id", "created", "updated") VALUES ('Open', 'The initial status of a newly created issue.', 1, 1, '2025-09-08 17:34:28', '2025-09-08 17:34:28');
INSERT INTO "workflow_status" ("name", "description", "workflow_id", "id", "created", "updated") VALUES ('In Investigation', 'The issue is being actively investigated by an operator.', 1, 2, '2025-09-08 17:34:28', '2025-09-08 17:34:28');
INSERT INTO "workflow_status" ("name", "description", "workflow_id", "id", "created", "updated") VALUES ('Awaiting Customer', 'Progress is blocked pending a response from the customer.', 1, 3, '2025-09-08 17:34:28', '2025-09-08 17:34:28');
INSERT INTO "workflow_status" ("name", "description", "workflow_id", "id", "created", "updated") VALUES ('Resolved', 'The issue has been fixed and is considered complete.', 1, 4, '2025-09-08 17:34:28', '2025-09-08 17:34:28');
INSERT INTO "screen_tab" ("name", "position", "screen_id", "id", "created", "updated") VALUES ('Main Tab', 1, 1, 10109, '2025-09-08 17:34:28', '2025-09-08 17:34:28');
INSERT INTO "screen_tab" ("name", "position", "screen_id", "id", "created", "updated") VALUES ('Main Tab', 1, 2, 10113, '2025-09-08 17:34:28', '2025-09-08 17:34:28');
INSERT INTO "screen_tab" ("name", "position", "screen_id", "id", "created", "updated") VALUES ('Main Tab', 1, 3, 10117, '2025-09-08 17:34:28', '2025-09-08 17:34:28');
INSERT INTO "dashboard_gadget" ("title", "gadget_type", "position_row", "position_column", "dashboard_id", "id", "created", "updated") VALUES ('Issues Requiring Action (by Status)', 'stats', 0, 0, 1, 1, '2025-09-08 17:34:28', '2025-09-08 17:34:28');
INSERT INTO "dashboard_gadget" ("title", "gadget_type", "position_row", "position_column", "dashboard_id", "id", "created", "updated") VALUES ('High Priority Orders', 'stats', 1, 1, 1, 2, '2025-09-08 17:34:28', '2025-09-08 17:34:28');
INSERT INTO "dashboard_gadget" ("title", "gadget_type", "position_row", "position_column", "dashboard_id", "id", "created", "updated") VALUES ('Created vs. Resolved Chart', 'stats', 2, 2, 1, 3, '2025-09-08 17:34:28', '2025-09-08 17:34:28');
INSERT INTO "dashboard_gadget" ("title", "gadget_type", "position_row", "position_column", "dashboard_id", "id", "created", "updated") VALUES ('Payment Verification Queue', 'stats', 3, 3, 1, 4, '2025-09-08 17:34:28', '2025-09-08 17:34:28');
INSERT INTO "workflow_transition" ("name", "type", "workflow_id", "from_status_id", "to_status_id", "id", "created", "updated") VALUES ('Start Progress', 'directed', 1, 1, 2, 10128, '2025-09-08 17:34:28', '2025-09-08 17:34:28');
INSERT INTO "workflow_transition" ("name", "type", "workflow_id", "from_status_id", "to_status_id", "id", "created", "updated") VALUES ('Move to Review', 'directed', 1, 2, 3, 10129, '2025-09-08 17:34:28', '2025-09-08 17:34:28');
INSERT INTO "workflow_transition" ("name", "type", "workflow_id", "from_status_id", "to_status_id", "id", "created", "updated") VALUES ('Approve', 'directed', 1, 3, 4, 10130, '2025-09-08 17:34:28', '2025-09-08 17:34:28');
INSERT INTO "workflow_transition" ("name", "type", "workflow_id", "from_status_id", "to_status_id", "id", "created", "updated") VALUES ('Reject', 'directed', 1, 3, 2, 10131, '2025-09-08 17:34:28', '2025-09-08 17:34:28');
INSERT INTO "workflow_transition" ("name", "type", "workflow_id", "from_status_id", "to_status_id", "id", "created", "updated") VALUES ('Block', 'directed', 1, 2, 5, 10132, '2025-09-08 17:34:28', '2025-09-08 17:34:28');
INSERT INTO "workflow_transition" ("name", "type", "workflow_id", "from_status_id", "to_status_id", "id", "created", "updated") VALUES ('Unblock', 'directed', 1, 5, 2, 10133, '2025-09-08 17:34:28', '2025-09-08 17:34:28');
INSERT INTO "workflow_transition" ("name", "type", "workflow_id", "from_status_id", "to_status_id", "id", "created", "updated") VALUES ('Reopen', 'directed', 1, 4, 1, 10134, '2025-09-08 17:34:28', '2025-09-08 17:34:28');
INSERT INTO "screen_tab_field" ("position", "tab_id", "field_id", "id", "created", "updated") VALUES (1, 10109, 10091, 10110, '2025-09-08 17:34:28', '2025-09-08 17:34:28');
INSERT INTO "screen_tab_field" ("position", "tab_id", "field_id", "id", "created", "updated") VALUES (2, 10109, 10092, 10111, '2025-09-08 17:34:28', '2025-09-08 17:34:28');
INSERT INTO "screen_tab_field" ("position", "tab_id", "field_id", "id", "created", "updated") VALUES (3, 10109, 10093, 10112, '2025-09-08 17:34:28', '2025-09-08 17:34:28');
INSERT INTO "screen_tab_field" ("position", "tab_id", "field_id", "id", "created", "updated") VALUES (1, 10113, 10091, 10114, '2025-09-08 17:34:28', '2025-09-08 17:34:28');
INSERT INTO "screen_tab_field" ("position", "tab_id", "field_id", "id", "created", "updated") VALUES (2, 10113, 10092, 10115, '2025-09-08 17:34:28', '2025-09-08 17:34:28');
INSERT INTO "screen_tab_field" ("position", "tab_id", "field_id", "id", "created", "updated") VALUES (3, 10113, 10093, 10116, '2025-09-08 17:34:28', '2025-09-08 17:34:28');
INSERT INTO "screen_tab_field" ("position", "tab_id", "field_id", "id", "created", "updated") VALUES (1, 10117, 10091, 10118, '2025-09-08 17:34:28', '2025-09-08 17:34:28');
INSERT INTO "screen_tab_field" ("position", "tab_id", "field_id", "id", "created", "updated") VALUES (2, 10117, 10092, 10119, '2025-09-08 17:34:28', '2025-09-08 17:34:28');
INSERT INTO "screen_tab_field" ("position", "tab_id", "field_id", "id", "created", "updated") VALUES (3, 10117, 10093, 10120, '2025-09-08 17:34:28', '2025-09-08 17:34:28');
INSERT INTO "project_role" ("name", "description", "project_id", "id", "created", "updated") VALUES ('Fulfillment Specialist', 'Users who manage the day-to-day processing, shipment, and troubleshooting of orders.', 1, 1, '2025-09-08 17:34:28', '2025-09-08 17:34:28');
INSERT INTO "project_role" ("name", "description", "project_id", "id", "created", "updated") VALUES ('Payment Analyst', 'Users responsible for investigating and resolving payment verification flags and disputes.', 1, 2, '2025-09-08 17:34:28', '2025-09-08 17:34:28');
INSERT INTO "project_role" ("name", "description", "project_id", "id", "created", "updated") VALUES ('Project Administrator', 'Users with full administrative rights over the Jira project.', 1, 3, '2025-09-08 17:34:28', '2025-09-08 17:34:28');
INSERT INTO "project_version" ("name", "description", "archived", "released", "project_id", "id", "created", "updated") VALUES ('v1.2 ''Orion''', 'Initial platform launch with core order processing and fulfillment features for the US marketplace.', 0, 0, 1, 1, '2025-09-08 17:34:28', '2025-09-08 17:34:28');
INSERT INTO "project_version" ("name", "description", "archived", "released", "project_id", "id", "created", "updated") VALUES ('v1.3 ''Pegasus''', 'Introduces improved payment verification logic and adds support for new shipping carriers.', 0, 0, 1, 2, '2025-09-08 17:34:28', '2025-09-08 17:34:28');
INSERT INTO "project_version" ("name", "description", "archived", "released", "project_id", "id", "created", "updated") VALUES ('v2.0 ''Andromeda''', 'Major platform overhaul with a new UI, enhanced reporting, and a public API for sellers.', 0, 0, 1, 3, '2025-09-08 17:34:28', '2025-09-08 17:34:28');
INSERT INTO "comment" ("body", "issue_id", "author_id", "update_author_id", "id", "created", "updated") VALUES ('Fulfillment team is checking warehouse logs for SKU-936959-209. There might be a stock discrepancy.', 1, 10002, 10002, 1, '2025-09-08 17:34:28', '2025-09-08 17:34:28');
INSERT INTO "comment" ("body", "issue_id", "author_id", "update_author_id", "id", "created", "updated") VALUES ('This looks like a potential API sync issue. Checking the carrier''s tracking information against our shipment records.', 2, 10003, 10003, 2, '2025-09-08 17:34:28', '2025-09-08 17:34:28');
INSERT INTO "comment" ("body", "issue_id", "author_id", "update_author_id", "id", "created", "updated") VALUES ('The ingestion service may have failed to process the item list. Manually triggering a data refresh for this order.', 3, 10004, 10004, 3, '2025-09-08 17:34:28', '2025-09-08 17:34:28');
INSERT INTO "comment" ("body", "issue_id", "author_id", "update_author_id", "id", "created", "updated") VALUES ('Contacting the payments team to review the transaction details in our PayPal portal.', 4, 10005, 10005, 4, '2025-09-08 17:34:28', '2025-09-08 17:34:28');
INSERT INTO "comment" ("body", "issue_id", "author_id", "update_author_id", "id", "created", "updated") VALUES ('The remaining two units are on backorder. ETA is three business days. I''ll draft a notification for the customer.', 5, 10006, 10006, 5, '2025-09-08 17:34:28', '2025-09-08 17:34:28');
INSERT INTO "comment" ("body", "issue_id", "author_id", "update_author_id", "id", "created", "updated") VALUES ('Warehouse confirms no shipment was created. The order status was updated in error. Reverting status to ''Unshipped'' and prioritizing.', 6, 10007, 10007, 6, '2025-09-08 17:34:28', '2025-09-08 17:34:28');
INSERT INTO "comment" ("body", "issue_id", "author_id", "update_author_id", "id", "created", "updated") VALUES ('Payment flag has been cleared. Fulfillment is confirming stock for the last dresser before shipping.', 7, 10008, 10008, 7, '2025-09-08 17:34:28', '2025-09-08 17:34:28');
INSERT INTO "comment" ("body", "issue_id", "author_id", "update_author_id", "id", "created", "updated") VALUES ('The PayPal transaction has been approved. Now investigating the shipment issue. Looks like a data sync error.', 8, 10009, 10009, 8, '2025-09-08 17:34:28', '2025-09-08 17:34:28');
INSERT INTO "comment" ("body", "issue_id", "author_id", "update_author_id", "id", "created", "updated") VALUES ('This is a mess. It seems OI-374960 and OI-730524 shipped, but OI-329627 is still pending. Consolidating the tracking info now.', 9, 10010, 10010, 9, '2025-09-08 17:34:28', '2025-09-08 17:34:28');
INSERT INTO "comment" ("body", "issue_id", "author_id", "update_author_id", "id", "created", "updated") VALUES ('The Gift Card was processed correctly on Amazon''s end. Clearing the flag internally. API sync initiated for missing items.', 10, 10011, 10011, 10, '2025-09-08 17:34:28', '2025-09-08 17:34:28');
INSERT INTO "comment" ("body", "issue_id", "author_id", "update_author_id", "id", "created", "updated") VALUES ('The remaining items are scheduled to ship tomorrow. Customer has already been notified via automated email.', 11, 10012, 10012, 11, '2025-09-08 17:34:28', '2025-09-08 17:34:28');
INSERT INTO "comment" ("body", "issue_id", "author_id", "update_author_id", "id", "created", "updated") VALUES ('Confirmed status: Three partial shipments created. The unshipped item (Roku Ultra) is out of stock. Contacting buyer about a refund for that item.', 12, 10013, 10013, 12, '2025-09-08 17:34:28', '2025-09-08 17:34:28');
INSERT INTO "comment" ("body", "issue_id", "author_id", "update_author_id", "id", "created", "updated") VALUES ('Carrier confirmed they have the package. Our system''s shipped quantity data is stale. Forcing an update now.', 13, 10014, 10014, 13, '2025-09-08 17:34:28', '2025-09-08 17:34:28');
INSERT INTO "comment" ("body", "issue_id", "author_id", "update_author_id", "id", "created", "updated") VALUES ('The bank transfer has been confirmed and the verification flag is cleared. The shipment issue appears to be a data sync error.', 14, 10015, 10015, 14, '2025-09-08 17:34:28', '2025-09-08 17:34:28');
INSERT INTO "comment" ("body", "issue_id", "author_id", "update_author_id", "id", "created", "updated") VALUES ('The dining table is a large-item shipment and will be dispatched next week via a different carrier. Adding notes to the order.', 15, 10016, 10016, 15, '2025-09-08 17:34:28', '2025-09-08 17:34:28');
INSERT INTO "comment" ("body", "issue_id", "author_id", "update_author_id", "id", "created", "updated") VALUES ('Payment has been confirmed as collected by the carrier. The missing unit was a warehouse error - processing a refund for it now.', 16, 10017, 10017, 16, '2025-09-08 17:34:28', '2025-09-08 17:34:28');
INSERT INTO "comment" ("body", "issue_id", "author_id", "update_author_id", "id", "created", "updated") VALUES ('Manual data refresh was successful. Item details are now populated.', 17, 10018, 10018, 17, '2025-09-08 17:34:28', '2025-09-08 17:34:28');
INSERT INTO "comment" ("body", "issue_id", "author_id", "update_author_id", "id", "created", "updated") VALUES ('API sync complete. Order items are now visible in the system.', 18, 10019, 10019, 18, '2025-09-08 17:34:28', '2025-09-08 17:34:28');
INSERT INTO "comment" ("body", "issue_id", "author_id", "update_author_id", "id", "created", "updated") VALUES ('The PayPal transaction was flagged for a billing address mismatch but has now been manually approved by our team.', 19, 10020, 10020, 19, '2025-09-08 17:34:28', '2025-09-08 17:34:28');
INSERT INTO "comment" ("body", "issue_id", "author_id", "update_author_id", "id", "created", "updated") VALUES ('The remaining two units are in a separate package with a different tracking number. Linking it to the order now.', 20, 10021, 10021, 20, '2025-09-08 17:34:28', '2025-09-08 17:34:28');
INSERT INTO "comment" ("body", "issue_id", "author_id", "update_author_id", "id", "created", "updated") VALUES ('Data refresh from API was successful. The order item is now correctly displayed.', 21, 10022, 10022, 21, '2025-09-08 17:34:28', '2025-09-08 17:34:28');
INSERT INTO "comment" ("body", "issue_id", "author_id", "update_author_id", "id", "created", "updated") VALUES ('The root cause was a timezone mismatch in the date calculation logic. A bug ticket has been created to address this.', 22, 10023, 10023, 22, '2025-09-08 17:34:28', '2025-09-08 17:34:28');
INSERT INTO "comment" ("body", "issue_id", "author_id", "update_author_id", "id", "created", "updated") VALUES ('Payment verification is clear. The remaining items are all on backorder. Customer needs to be contacted with new ETAs.', 23, 10024, 10024, 23, '2025-09-08 17:34:28', '2025-09-08 17:34:28');
INSERT INTO "comment" ("body", "issue_id", "author_id", "update_author_id", "id", "created", "updated") VALUES ('Payment cleared. The issue can be closed.', 24, 10025, 10025, 24, '2025-09-08 17:34:28', '2025-09-08 17:34:28');
INSERT INTO "comment" ("body", "issue_id", "author_id", "update_author_id", "id", "created", "updated") VALUES ('Payment verification is complete. The rest of the items are shipping from a different warehouse and will be sent out tomorrow.', 25, 10026, 10026, 25, '2025-09-08 17:34:28', '2025-09-08 17:34:28');
INSERT INTO "comment" ("body", "issue_id", "author_id", "update_author_id", "id", "created", "updated") VALUES ('No shipment record found. This was a system error. The order status has been reset to ''Unshipped'' for immediate fulfillment.', 26, 10027, 10027, 26, '2025-09-08 17:34:28', '2025-09-08 17:34:28');
INSERT INTO "comment" ("body", "issue_id", "author_id", "update_author_id", "id", "created", "updated") VALUES ('Confirmed with the carrier that the package is in their network. This is a data sync issue on our end. Forcing an update.', 27, 10028, 10028, 27, '2025-09-08 17:34:28', '2025-09-08 17:34:28');
INSERT INTO "comment" ("body", "issue_id", "author_id", "update_author_id", "id", "created", "updated") VALUES ('Payment flag cleared. The unshipped Corsair keyboard was out of stock. Processing a refund for that item.', 28, 10029, 10029, 28, '2025-09-08 17:34:28', '2025-09-08 17:34:28');
INSERT INTO "comment" ("body", "issue_id", "author_id", "update_author_id", "id", "created", "updated") VALUES ('The item was shipped, but the order status failed to update correctly. Correcting the master status to ''Shipped''.', 29, 10030, 10030, 29, '2025-09-08 17:34:28', '2025-09-08 17:34:28');
INSERT INTO "comment" ("body", "issue_id", "author_id", "update_author_id", "id", "created", "updated") VALUES ('The credit card transaction has been approved. Flag is now cleared. Initiating API sync for the missing item data.', 30, 10031, 10031, 30, '2025-09-08 17:34:28', '2025-09-08 17:34:28');
INSERT INTO "comment" ("body", "issue_id", "author_id", "update_author_id", "id", "created", "updated") VALUES ('Debit card payment has been successfully verified and the flag is removed.', 31, 10032, 10032, 31, '2025-09-08 17:34:28', '2025-09-08 17:34:28');
INSERT INTO "comment" ("body", "issue_id", "author_id", "update_author_id", "id", "created", "updated") VALUES ('The second shipment for the remaining two units is scheduled for tomorrow. No customer communication needed unless further delays occur.', 32, 10033, 10033, 32, '2025-09-08 17:34:28', '2025-09-08 17:34:28');
INSERT INTO "comment" ("body", "issue_id", "author_id", "update_author_id", "id", "created", "updated") VALUES ('Logistics partner has confirmed payment will be collected upon delivery. Flag can be cleared post-delivery confirmation.', 33, 10034, 10034, 33, '2025-09-08 17:34:28', '2025-09-08 17:34:28');
INSERT INTO "comment" ("body", "issue_id", "author_id", "update_author_id", "id", "created", "updated") VALUES ('Data sync complete. We can now see the item list and determine the fulfillment status.', 34, 10035, 10035, 34, '2025-09-08 17:34:28', '2025-09-08 17:34:28');
INSERT INTO "comment" ("body", "issue_id", "author_id", "update_author_id", "id", "created", "updated") VALUES ('Delay was caused by an inventory issue at the warehouse. Stock has been replenished. Order should ship today.', 35, 10036, 10036, 35, '2025-09-08 17:34:28', '2025-09-08 17:34:28');
INSERT INTO "comment" ("body", "issue_id", "author_id", "update_author_id", "id", "created", "updated") VALUES ('Payment flag is cleared. The shipping discrepancy was an API error - carrier data confirms all items were in the delivered package.', 36, 10037, 10037, 36, '2025-09-08 17:34:28', '2025-09-08 17:34:28');
INSERT INTO "comment" ("body", "issue_id", "author_id", "update_author_id", "id", "created", "updated") VALUES ('The ''Cash on Delivery'' flag will be cleared once the carrier confirms payment. The remaining items are shipping tomorrow.', 37, 10038, 10038, 37, '2025-09-08 17:34:28', '2025-09-08 17:34:28');
INSERT INTO "comment" ("body", "issue_id", "author_id", "update_author_id", "id", "created", "updated") VALUES ('Inventory for the monitor is confirmed. The remaining units will ship in 2-3 business days.', 38, 10039, 10039, 38, '2025-09-08 17:34:28', '2025-09-08 17:34:28');
INSERT INTO "comment" ("body", "issue_id", "author_id", "update_author_id", "id", "created", "updated") VALUES ('Manual data sync was successful. All order items are now populated correctly.', 39, 10040, 10040, 39, '2025-09-08 17:34:28', '2025-09-08 17:34:28');
INSERT INTO "comment" ("body", "issue_id", "author_id", "update_author_id", "id", "created", "updated") VALUES ('Amazon Pay transaction has been manually approved. The flag is cleared. Syncing item data now.', 40, 10041, 10041, 40, '2025-09-08 17:34:28', '2025-09-08 17:34:28');
INSERT INTO "comment" ("body", "issue_id", "author_id", "update_author_id", "id", "created", "updated") VALUES ('Payment has been verified. The shipping status was incorrect - no items have shipped yet. Correcting status to ''Unshipped''.', 41, 10042, 10042, 41, '2025-09-08 17:34:28', '2025-09-08 17:34:28');
INSERT INTO "comment" ("body", "issue_id", "author_id", "update_author_id", "id", "created", "updated") VALUES ('Finance team confirms payment has been reconciled. Closing this ticket.', 42, 10043, 10043, 42, '2025-09-08 17:34:28', '2025-09-08 17:34:28');
INSERT INTO "comment" ("body", "issue_id", "author_id", "update_author_id", "id", "created", "updated") VALUES ('The two remaining monitors are on backorder. We need to inform the customer about the delay.', 43, 10044, 10044, 43, '2025-09-08 17:34:28', '2025-09-08 17:34:28');
INSERT INTO "comment" ("body", "issue_id", "author_id", "update_author_id", "id", "created", "updated") VALUES ('Customer confirmed via email that they only received 3 units. A refund for the missing item has been issued.', 44, 10045, 10045, 44, '2025-09-08 17:34:28', '2025-09-08 17:34:28');
INSERT INTO "comment" ("body", "issue_id", "author_id", "update_author_id", "id", "created", "updated") VALUES ('PayPal payment flag has been removed. The remaining items are expected to ship within 48 hours.', 45, 10046, 10046, 45, '2025-09-08 17:34:28', '2025-09-08 17:34:28');
INSERT INTO "comment" ("body", "issue_id", "author_id", "update_author_id", "id", "created", "updated") VALUES ('Payment verification completed. Refreshing data to pull in the missing item list.', 46, 10047, 10047, 46, '2025-09-08 17:34:28', '2025-09-08 17:34:28');
INSERT INTO "comment" ("body", "issue_id", "author_id", "update_author_id", "id", "created", "updated") VALUES ('Data sync complete. Now I can see the items and their fulfillment status.', 47, 10048, 10048, 47, '2025-09-08 17:34:28', '2025-09-08 17:34:28');
INSERT INTO "comment" ("body", "issue_id", "author_id", "update_author_id", "id", "created", "updated") VALUES ('Item data has been successfully retrieved from the API.', 48, 10049, 10049, 48, '2025-09-08 17:34:28', '2025-09-08 17:34:28');
INSERT INTO "comment" ("body", "issue_id", "author_id", "update_author_id", "id", "created", "updated") VALUES ('Bank Transfer confirmed. The verification flag is now cleared. Refreshing order to get item data.', 49, 10050, 10050, 49, '2025-09-08 17:34:28', '2025-09-08 17:34:28');
INSERT INTO "comment" ("body", "issue_id", "author_id", "update_author_id", "id", "created", "updated") VALUES ('API data refresh was successful. Item list is now populated and shows one item is pending fulfillment.', 50, 10051, 10051, 50, '2025-09-08 17:34:28', '2025-09-08 17:34:28');
INSERT INTO "issue_component_association" ("issue_id", "component_id") VALUES (1, 1);
INSERT INTO "issue_component_association" ("issue_id", "component_id") VALUES (4, 4);
INSERT INTO "issue_component_association" ("issue_id", "component_id") VALUES (7, 2);
INSERT INTO "issue_component_association" ("issue_id", "component_id") VALUES (10, 5);
INSERT INTO "issue_component_association" ("issue_id", "component_id") VALUES (13, 3);
INSERT INTO "issue_component_association" ("issue_id", "component_id") VALUES (16, 1);
INSERT INTO "issue_component_association" ("issue_id", "component_id") VALUES (19, 4);
INSERT INTO "issue_component_association" ("issue_id", "component_id") VALUES (22, 2);
INSERT INTO "issue_component_association" ("issue_id", "component_id") VALUES (25, 5);
INSERT INTO "issue_component_association" ("issue_id", "component_id") VALUES (28, 3);
INSERT INTO "issue_component_association" ("issue_id", "component_id") VALUES (31, 1);
INSERT INTO "issue_component_association" ("issue_id", "component_id") VALUES (34, 4);
INSERT INTO "issue_component_association" ("issue_id", "component_id") VALUES (37, 2);
INSERT INTO "issue_component_association" ("issue_id", "component_id") VALUES (40, 5);
INSERT INTO "issue_component_association" ("issue_id", "component_id") VALUES (43, 3);
INSERT INTO "issue_component_association" ("issue_id", "component_id") VALUES (46, 1);
INSERT INTO "issue_component_association" ("issue_id", "component_id") VALUES (49, 4);
INSERT INTO "issue_fix_version_association" ("issue_id", "version_id") VALUES (1, 1);
INSERT INTO "issue_fix_version_association" ("issue_id", "version_id") VALUES (6, 3);
INSERT INTO "issue_fix_version_association" ("issue_id", "version_id") VALUES (11, 2);
INSERT INTO "issue_fix_version_association" ("issue_id", "version_id") VALUES (16, 1);
INSERT INTO "issue_fix_version_association" ("issue_id", "version_id") VALUES (21, 3);
INSERT INTO "issue_fix_version_association" ("issue_id", "version_id") VALUES (26, 2);
INSERT INTO "issue_fix_version_association" ("issue_id", "version_id") VALUES (31, 1);
INSERT INTO "issue_fix_version_association" ("issue_id", "version_id") VALUES (36, 3);
INSERT INTO "issue_fix_version_association" ("issue_id", "version_id") VALUES (41, 2);
INSERT INTO "issue_fix_version_association" ("issue_id", "version_id") VALUES (46, 1);
INSERT INTO "issue_label_association" ("issue_id", "label_id") VALUES (1, 1);
INSERT INTO "issue_label_association" ("issue_id", "label_id") VALUES (3, 3);
INSERT INTO "issue_label_association" ("issue_id", "label_id") VALUES (5, 5);
INSERT INTO "issue_label_association" ("issue_id", "label_id") VALUES (7, 1);
INSERT INTO "issue_label_association" ("issue_id", "label_id") VALUES (9, 3);
INSERT INTO "issue_label_association" ("issue_id", "label_id") VALUES (11, 5);
INSERT INTO "issue_label_association" ("issue_id", "label_id") VALUES (13, 1);
INSERT INTO "issue_label_association" ("issue_id", "label_id") VALUES (15, 3);
INSERT INTO "issue_label_association" ("issue_id", "label_id") VALUES (17, 5);
INSERT INTO "issue_label_association" ("issue_id", "label_id") VALUES (19, 1);
INSERT INTO "issue_label_association" ("issue_id", "label_id") VALUES (21, 3);
INSERT INTO "issue_label_association" ("issue_id", "label_id") VALUES (23, 5);
INSERT INTO "issue_label_association" ("issue_id", "label_id") VALUES (25, 1);
INSERT INTO "issue_label_association" ("issue_id", "label_id") VALUES (27, 3);
INSERT INTO "issue_label_association" ("issue_id", "label_id") VALUES (29, 5);
INSERT INTO "issue_label_association" ("issue_id", "label_id") VALUES (31, 1);
INSERT INTO "issue_label_association" ("issue_id", "label_id") VALUES (33, 3);
INSERT INTO "issue_label_association" ("issue_id", "label_id") VALUES (35, 5);
INSERT INTO "issue_label_association" ("issue_id", "label_id") VALUES (37, 1);
INSERT INTO "issue_label_association" ("issue_id", "label_id") VALUES (39, 3);
INSERT INTO "issue_label_association" ("issue_id", "label_id") VALUES (41, 5);
INSERT INTO "issue_label_association" ("issue_id", "label_id") VALUES (43, 1);
INSERT INTO "issue_label_association" ("issue_id", "label_id") VALUES (45, 3);
INSERT INTO "issue_label_association" ("issue_id", "label_id") VALUES (47, 5);
INSERT INTO "issue_label_association" ("issue_id", "label_id") VALUES (49, 1);
INSERT INTO "project_component" ("name", "description", "project_id", "lead_id", "real_assignee_id", "id", "created", "updated") VALUES ('Order Ingestion', 'Handles the initial intake of new orders from the Amazon API and creation of internal records.', 1, 10001, 10001, 1, '2025-09-08 17:34:28', '2025-09-08 17:34:28');
INSERT INTO "project_component" ("name", "description", "project_id", "lead_id", "real_assignee_id", "id", "created", "updated") VALUES ('Payment Verification', 'Component for processing payments, handling verification flags, and managing refunds.', 1, 10001, 10001, 2, '2025-09-08 17:34:28', '2025-09-08 17:34:28');
INSERT INTO "project_component" ("name", "description", "project_id", "lead_id", "real_assignee_id", "id", "created", "updated") VALUES ('Shipment & Logistics', 'Manages shipping label generation, carrier integration, and shipment status tracking.', 1, 10001, 10001, 3, '2025-09-08 17:34:28', '2025-09-08 17:34:28');
INSERT INTO "project_component" ("name", "description", "project_id", "lead_id", "real_assignee_id", "id", "created", "updated") VALUES ('Inventory Sync', 'Synchronizes stock levels between our internal system and seller accounts on Amazon.', 1, 10001, 10001, 4, '2025-09-08 17:34:28', '2025-09-08 17:34:28');
INSERT INTO "project_component" ("name", "description", "project_id", "lead_id", "real_assignee_id", "id", "created", "updated") VALUES ('Customer Notifications', 'Responsible for sending automated emails and updates to buyers regarding their order status.', 1, 10001, 10001, 5, '2025-09-08 17:34:28', '2025-09-08 17:34:28');
INSERT INTO "workflow_scheme" ("name", "description", "default_workflow_id", "id", "created", "updated") VALUES ('Default Workflow Scheme', 'Default scheme for all projects', 1, 1, '2025-09-08 17:34:28', '2025-09-08 17:34:28');
INSERT INTO "worklog" ("time_spent", "time_spent_seconds", "started", "comment", "issue_id", "author_id", "update_author_id", "id", "created", "updated") VALUES ('30m', 1800, '2024-02-01 11:00:00', 'Reviewed order and flagged for fulfillment investigation.', 1, 10002, 10002, 1, '2025-09-08 17:34:28', '2025-09-08 17:34:28');
INSERT INTO "worklog" ("time_spent", "time_spent_seconds", "started", "comment", "issue_id", "author_id", "update_author_id", "id", "created", "updated") VALUES ('30m', 1800, '2024-02-01 12:00:00', 'Pulled API logs for order status updates.', 2, 10003, 10003, 2, '2025-09-08 17:34:28', '2025-09-08 17:34:28');
INSERT INTO "worklog" ("time_spent", "time_spent_seconds", "started", "comment", "issue_id", "author_id", "update_author_id", "id", "created", "updated") VALUES ('30m', 1800, '2024-02-01 13:00:00', 'Executed manual API data refresh for the order.', 3, 10004, 10004, 3, '2025-09-08 17:34:28', '2025-09-08 17:34:28');
INSERT INTO "worklog" ("time_spent", "time_spent_seconds", "started", "comment", "issue_id", "author_id", "update_author_id", "id", "created", "updated") VALUES ('30m', 1800, '2024-02-01 14:00:00', 'Escalated payment verification to the finance team.', 4, 10005, 10005, 4, '2025-09-08 17:34:28', '2025-09-08 17:34:28');
INSERT INTO "worklog" ("time_spent", "time_spent_seconds", "started", "comment", "issue_id", "author_id", "update_author_id", "id", "created", "updated") VALUES ('30m', 1800, '2024-02-01 15:00:00', 'Confirmed backorder status and notified customer.', 5, 10006, 10006, 5, '2025-09-08 17:34:28', '2025-09-08 17:34:28');
INSERT INTO "worklog" ("time_spent", "time_spent_seconds", "started", "comment", "issue_id", "author_id", "update_author_id", "id", "created", "updated") VALUES ('30m', 1800, '2024-02-01 16:00:00', 'Corrected order status in the admin panel.', 6, 10007, 10007, 6, '2025-09-08 17:34:28', '2025-09-08 17:34:28');
INSERT INTO "worklog" ("time_spent", "time_spent_seconds", "started", "comment", "issue_id", "author_id", "update_author_id", "id", "created", "updated") VALUES ('30m', 1800, '2024-02-01 17:00:00', 'Cleared payment flag and checked inventory.', 7, 10008, 10008, 7, '2025-09-08 17:34:28', '2025-09-08 17:34:28');
INSERT INTO "worklog" ("time_spent", "time_spent_seconds", "started", "comment", "issue_id", "author_id", "update_author_id", "id", "created", "updated") VALUES ('30m', 1800, '2024-02-01 18:00:00', 'Verified payment and initiated shipping data reconciliation.', 8, 10009, 10009, 8, '2025-09-08 17:34:28', '2025-09-08 17:34:28');
INSERT INTO "worklog" ("time_spent", "time_spent_seconds", "started", "comment", "issue_id", "author_id", "update_author_id", "id", "created", "updated") VALUES ('30m', 1800, '2024-02-01 19:00:00', 'Consolidated tracking numbers and added internal note.', 9, 10010, 10010, 9, '2025-09-08 17:34:28', '2025-09-08 17:34:28');
INSERT INTO "worklog" ("time_spent", "time_spent_seconds", "started", "comment", "issue_id", "author_id", "update_author_id", "id", "created", "updated") VALUES ('30m', 1800, '2024-02-01 20:00:00', 'Cleared payment flag and synced item data.', 10, 10011, 10011, 10, '2025-09-08 17:34:28', '2025-09-08 17:34:28');
INSERT INTO "worklog" ("time_spent", "time_spent_seconds", "started", "comment", "issue_id", "author_id", "update_author_id", "id", "created", "updated") VALUES ('30m', 1800, '2024-02-01 21:00:00', 'Checked fulfillment schedule for remaining items.', 11, 10012, 10012, 11, '2025-09-08 17:34:28', '2025-09-08 17:34:28');
INSERT INTO "worklog" ("time_spent", "time_spent_seconds", "started", "comment", "issue_id", "author_id", "update_author_id", "id", "created", "updated") VALUES ('30m', 1800, '2024-02-01 22:00:00', 'Contacted buyer regarding out-of-stock item.', 12, 10013, 10013, 12, '2025-09-08 17:34:28', '2025-09-08 17:34:28');
INSERT INTO "worklog" ("time_spent", "time_spent_seconds", "started", "comment", "issue_id", "author_id", "update_author_id", "id", "created", "updated") VALUES ('30m', 1800, '2024-02-01 23:00:00', 'Manually updated shipped quantity based on carrier data.', 13, 10014, 10014, 13, '2025-09-08 17:34:28', '2025-09-08 17:34:28');
INSERT INTO "worklog" ("time_spent", "time_spent_seconds", "started", "comment", "issue_id", "author_id", "update_author_id", "id", "created", "updated") VALUES ('30m', 1800, '2024-02-02 00:00:00', 'Resolved payment flag and corrected shipping data.', 14, 10015, 10015, 14, '2025-09-08 17:34:28', '2025-09-08 17:34:28');
INSERT INTO "worklog" ("time_spent", "time_spent_seconds", "started", "comment", "issue_id", "author_id", "update_author_id", "id", "created", "updated") VALUES ('30m', 1800, '2024-02-02 01:00:00', 'Added note about separate large-item shipment.', 15, 10016, 10016, 15, '2025-09-08 17:34:28', '2025-09-08 17:34:28');
INSERT INTO "worklog" ("time_spent", "time_spent_seconds", "started", "comment", "issue_id", "author_id", "update_author_id", "id", "created", "updated") VALUES ('30m', 1800, '2024-02-02 02:00:00', 'Confirmed payment collection and processed refund.', 16, 10017, 10017, 16, '2025-09-08 17:34:28', '2025-09-08 17:34:28');
INSERT INTO "worklog" ("time_spent", "time_spent_seconds", "started", "comment", "issue_id", "author_id", "update_author_id", "id", "created", "updated") VALUES ('30m', 1800, '2024-02-02 03:00:00', 'Ran manual data sync for the order.', 17, 10018, 10018, 17, '2025-09-08 17:34:28', '2025-09-08 17:34:28');
INSERT INTO "worklog" ("time_spent", "time_spent_seconds", "started", "comment", "issue_id", "author_id", "update_author_id", "id", "created", "updated") VALUES ('30m', 1800, '2024-02-02 04:00:00', 'Performed API data refresh.', 18, 10019, 10019, 18, '2025-09-08 17:34:28', '2025-09-08 17:34:28');
INSERT INTO "worklog" ("time_spent", "time_spent_seconds", "started", "comment", "issue_id", "author_id", "update_author_id", "id", "created", "updated") VALUES ('30m', 1800, '2024-02-02 05:00:00', 'Manually approved PayPal transaction.', 19, 10020, 10020, 19, '2025-09-08 17:34:28', '2025-09-08 17:34:28');
INSERT INTO "worklog" ("time_spent", "time_spent_seconds", "started", "comment", "issue_id", "author_id", "update_author_id", "id", "created", "updated") VALUES ('30m', 1800, '2024-02-02 06:00:00', 'Linked second tracking number to the order.', 20, 10021, 10021, 20, '2025-09-08 17:34:28', '2025-09-08 17:34:28');
INSERT INTO "worklog" ("time_spent", "time_spent_seconds", "started", "comment", "issue_id", "author_id", "update_author_id", "id", "created", "updated") VALUES ('30m', 1800, '2024-02-02 07:00:00', 'Synced order data from Amazon API.', 21, 10022, 10022, 21, '2025-09-08 17:34:28', '2025-09-08 17:34:28');
INSERT INTO "worklog" ("time_spent", "time_spent_seconds", "started", "comment", "issue_id", "author_id", "update_author_id", "id", "created", "updated") VALUES ('30m', 1800, '2024-02-02 08:00:00', 'Analyzed promised date calculation logic.', 22, 10023, 10023, 22, '2025-09-08 17:34:28', '2025-09-08 17:34:28');
INSERT INTO "worklog" ("time_spent", "time_spent_seconds", "started", "comment", "issue_id", "author_id", "update_author_id", "id", "created", "updated") VALUES ('30m', 1800, '2024-02-02 09:00:00', 'Cleared payment flag and checked backorder ETAs.', 23, 10024, 10024, 23, '2025-09-08 17:34:28', '2025-09-08 17:34:28');
INSERT INTO "worklog" ("time_spent", "time_spent_seconds", "started", "comment", "issue_id", "author_id", "update_author_id", "id", "created", "updated") VALUES ('30m', 1800, '2024-02-02 10:00:00', 'Verified payment was cleared and closed issue.', 24, 10025, 10025, 24, '2025-09-08 17:34:28', '2025-09-08 17:34:28');
INSERT INTO "worklog" ("time_spent", "time_spent_seconds", "started", "comment", "issue_id", "author_id", "update_author_id", "id", "created", "updated") VALUES ('30m', 1800, '2024-02-02 11:00:00', 'Cleared payment flag and confirmed split shipment plan.', 25, 10026, 10026, 25, '2025-09-08 17:34:28', '2025-09-08 17:34:28');
INSERT INTO "worklog" ("time_spent", "time_spent_seconds", "started", "comment", "issue_id", "author_id", "update_author_id", "id", "created", "updated") VALUES ('30m', 1800, '2024-02-02 12:00:00', 'Reset order status to ''Unshipped'' in database.', 26, 10027, 10027, 26, '2025-09-08 17:34:28', '2025-09-08 17:34:28');
INSERT INTO "worklog" ("time_spent", "time_spent_seconds", "started", "comment", "issue_id", "author_id", "update_author_id", "id", "created", "updated") VALUES ('30m', 1800, '2024-02-02 13:00:00', 'Forced data sync after verifying with carrier.', 27, 10028, 10028, 27, '2025-09-08 17:34:28', '2025-09-08 17:34:28');
INSERT INTO "worklog" ("time_spent", "time_spent_seconds", "started", "comment", "issue_id", "author_id", "update_author_id", "id", "created", "updated") VALUES ('30m', 1800, '2024-02-02 14:00:00', 'Cleared payment flag and issued partial refund.', 28, 10029, 10029, 28, '2025-09-08 17:34:28', '2025-09-08 17:34:28');
INSERT INTO "worklog" ("time_spent", "time_spent_seconds", "started", "comment", "issue_id", "author_id", "update_author_id", "id", "created", "updated") VALUES ('30m', 1800, '2024-02-02 15:00:00', 'Corrected master order status.', 29, 10030, 10030, 29, '2025-09-08 17:34:28', '2025-09-08 17:34:28');
INSERT INTO "worklog" ("time_spent", "time_spent_seconds", "started", "comment", "issue_id", "author_id", "update_author_id", "id", "created", "updated") VALUES ('30m', 1800, '2024-02-02 16:00:00', 'Cleared payment flag - initiated item data sync.', 30, 10031, 10031, 30, '2025-09-08 17:34:28', '2025-09-08 17:34:28');
INSERT INTO "worklog" ("time_spent", "time_spent_seconds", "started", "comment", "issue_id", "author_id", "update_author_id", "id", "created", "updated") VALUES ('30m', 1800, '2024-02-02 17:00:00', 'Verified debit card payment and resolved task.', 31, 10032, 10032, 31, '2025-09-08 17:34:28', '2025-09-08 17:34:28');
INSERT INTO "worklog" ("time_spent", "time_spent_seconds", "started", "comment", "issue_id", "author_id", "update_author_id", "id", "created", "updated") VALUES ('30m', 1800, '2024-02-02 18:00:00', 'Confirmed fulfillment plan for remaining items.', 32, 10033, 10033, 32, '2025-09-08 17:34:28', '2025-09-08 17:34:28');
INSERT INTO "worklog" ("time_spent", "time_spent_seconds", "started", "comment", "issue_id", "author_id", "update_author_id", "id", "created", "updated") VALUES ('30m', 1800, '2024-02-02 19:00:00', 'Added note to wait for carrier delivery confirmation.', 33, 10034, 10034, 33, '2025-09-08 17:34:28', '2025-09-08 17:34:28');
INSERT INTO "worklog" ("time_spent", "time_spent_seconds", "started", "comment", "issue_id", "author_id", "update_author_id", "id", "created", "updated") VALUES ('30m', 1800, '2024-02-02 20:00:00', 'Executed manual API data sync.', 34, 10035, 10035, 34, '2025-09-08 17:34:28', '2025-09-08 17:34:28');
INSERT INTO "worklog" ("time_spent", "time_spent_seconds", "started", "comment", "issue_id", "author_id", "update_author_id", "id", "created", "updated") VALUES ('30m', 1800, '2024-02-02 21:00:00', 'Investigated fulfillment delay with warehouse team.', 35, 10036, 10036, 35, '2025-09-08 17:34:28', '2025-09-08 17:34:28');
INSERT INTO "worklog" ("time_spent", "time_spent_seconds", "started", "comment", "issue_id", "author_id", "update_author_id", "id", "created", "updated") VALUES ('30m', 1800, '2024-02-02 22:00:00', 'Cleared payment flag and reconciled shipping data.', 36, 10037, 10037, 36, '2025-09-08 17:34:28', '2025-09-08 17:34:28');
INSERT INTO "worklog" ("time_spent", "time_spent_seconds", "started", "comment", "issue_id", "author_id", "update_author_id", "id", "created", "updated") VALUES ('30m', 1800, '2024-02-02 23:00:00', 'Reviewed order for CoD verification and partial shipment.', 37, 10038, 10038, 37, '2025-09-08 17:34:28', '2025-09-08 17:34:28');
INSERT INTO "worklog" ("time_spent", "time_spent_seconds", "started", "comment", "issue_id", "author_id", "update_author_id", "id", "created", "updated") VALUES ('30m', 1800, '2024-02-03 00:00:00', 'Checked inventory and updated order notes with new ETA.', 38, 10039, 10039, 38, '2025-09-08 17:34:28', '2025-09-08 17:34:28');
INSERT INTO "worklog" ("time_spent", "time_spent_seconds", "started", "comment", "issue_id", "author_id", "update_author_id", "id", "created", "updated") VALUES ('30m', 1800, '2024-02-03 01:00:00', 'Ran manual data sync.', 39, 10040, 10040, 39, '2025-09-08 17:34:28', '2025-09-08 17:34:28');
INSERT INTO "worklog" ("time_spent", "time_spent_seconds", "started", "comment", "issue_id", "author_id", "update_author_id", "id", "created", "updated") VALUES ('30m', 1800, '2024-02-03 02:00:00', 'Manually cleared payment flag after approval.', 40, 10041, 10041, 40, '2025-09-08 17:34:28', '2025-09-08 17:34:28');
INSERT INTO "worklog" ("time_spent", "time_spent_seconds", "started", "comment", "issue_id", "author_id", "update_author_id", "id", "created", "updated") VALUES ('30m', 1800, '2024-02-03 03:00:00', 'Verified payment and corrected incorrect shipping status.', 41, 10042, 10042, 41, '2025-09-08 17:34:28', '2025-09-08 17:34:28');
INSERT INTO "worklog" ("time_spent", "time_spent_seconds", "started", "comment", "issue_id", "author_id", "update_author_id", "id", "created", "updated") VALUES ('30m', 1800, '2024-02-03 04:00:00', 'Reconciled CoD payment with finance records.', 42, 10043, 10043, 42, '2025-09-08 17:34:28', '2025-09-08 17:34:28');
INSERT INTO "worklog" ("time_spent", "time_spent_seconds", "started", "comment", "issue_id", "author_id", "update_author_id", "id", "created", "updated") VALUES ('30m', 1800, '2024-02-03 05:00:00', 'Added internal note about backordered monitors.', 43, 10044, 10044, 43, '2025-09-08 17:34:28', '2025-09-08 17:34:28');
INSERT INTO "worklog" ("time_spent", "time_spent_seconds", "started", "comment", "issue_id", "author_id", "update_author_id", "id", "created", "updated") VALUES ('30m', 1800, '2024-02-03 06:00:00', 'Processed partial refund for undelivered item.', 44, 10045, 10045, 44, '2025-09-08 17:34:28', '2025-09-08 17:34:28');
INSERT INTO "worklog" ("time_spent", "time_spent_seconds", "started", "comment", "issue_id", "author_id", "update_author_id", "id", "created", "updated") VALUES ('30m', 1800, '2024-02-03 07:00:00', 'Cleared payment flag and confirmed remaining items ETA.', 45, 10046, 10046, 45, '2025-09-08 17:34:28', '2025-09-08 17:34:28');
INSERT INTO "worklog" ("time_spent", "time_spent_seconds", "started", "comment", "issue_id", "author_id", "update_author_id", "id", "created", "updated") VALUES ('30m', 1800, '2024-02-03 08:00:00', 'Cleared payment verification flag for delivered order.', 46, 10047, 10047, 46, '2025-09-08 17:34:28', '2025-09-08 17:34:28');
INSERT INTO "worklog" ("time_spent", "time_spent_seconds", "started", "comment", "issue_id", "author_id", "update_author_id", "id", "created", "updated") VALUES ('30m', 1800, '2024-02-03 09:00:00', 'Performed manual API sync to retrieve missing items.', 47, 10048, 10048, 47, '2025-09-08 17:34:28', '2025-09-08 17:34:28');
INSERT INTO "worklog" ("time_spent", "time_spent_seconds", "started", "comment", "issue_id", "author_id", "update_author_id", "id", "created", "updated") VALUES ('30m', 1800, '2024-02-03 10:00:00', 'Executed data refresh from Amazon API.', 48, 10049, 10049, 48, '2025-09-08 17:34:28', '2025-09-08 17:34:28');
INSERT INTO "worklog" ("time_spent", "time_spent_seconds", "started", "comment", "issue_id", "author_id", "update_author_id", "id", "created", "updated") VALUES ('30m', 1800, '2024-02-03 11:00:00', 'Cleared bank transfer verification flag.', 49, 10050, 10050, 49, '2025-09-08 17:34:28', '2025-09-08 17:34:28');
INSERT INTO "worklog" ("time_spent", "time_spent_seconds", "started", "comment", "issue_id", "author_id", "update_author_id", "id", "created", "updated") VALUES ('30m', 1800, '2024-02-03 12:00:00', 'Refreshed order data to populate item list.', 50, 10051, 10051, 50, '2025-09-08 17:34:28', '2025-09-08 17:34:28');
INSERT INTO "project" ("key", "name", "description", "project_type_key", "simplified", "archived", "deleted", "is_private", "email", "uuid", "assignee_type", "permission_scheme", "lead_id", "default_assignee_id", "workflow_scheme_id", "id", "created", "updated") VALUES ('AMZ', 'Marketplace Fulfillment Platform', 'Manages the entire lifecycle of third-party seller orders on the Amazon marketplace, from initial ingestion and payment verification to shipment tracking and final delivery confirmation. This project tracks bugs, feature requests, and operational tasks related to order processing, inventory management, and customer communication.', 'software', 0, 0, 0, 0, 'maxstoreamz.com', 'ee257f7e-a7d8-4698-ac4f-a0f78336beb8', 'UNASSIGNED', 1, 10001, 10001, 1, 1, '2025-09-08 17:34:28', '2025-09-08 17:34:28');
INSERT INTO "project_role_actor" ("actor_type", "name", "actor_user_id", "role_id", "id", "created", "updated") VALUES ('atlassian-user-role-actor', 'user-actor-10001', 10001, 1, 10094, '2025-09-08 17:34:28', '2025-09-08 17:34:28');
INSERT INTO "project_role_actor" ("actor_type", "name", "actor_user_id", "role_id", "id", "created", "updated") VALUES ('atlassian-user-role-actor', 'user-actor-10002', 10002, 1, 10095, '2025-09-08 17:34:28', '2025-09-08 17:34:28');
INSERT INTO "project_role_actor" ("actor_type", "name", "actor_user_id", "role_id", "id", "created", "updated") VALUES ('atlassian-user-role-actor', 'user-actor-10003', 10003, 1, 10096, '2025-09-08 17:34:28', '2025-09-08 17:34:28');
INSERT INTO "project_role_actor" ("actor_type", "name", "actor_user_id", "role_id", "id", "created", "updated") VALUES ('atlassian-user-role-actor', 'user-actor-10004', 10004, 1, 10097, '2025-09-08 17:34:28', '2025-09-08 17:34:28');
INSERT INTO "project_role_actor" ("actor_type", "name", "actor_user_id", "role_id", "id", "created", "updated") VALUES ('atlassian-user-role-actor', 'user-actor-10005', 10005, 1, 10098, '2025-09-08 17:34:28', '2025-09-08 17:34:28');
INSERT INTO "project_role_actor" ("actor_type", "name", "actor_user_id", "role_id", "id", "created", "updated") VALUES ('atlassian-user-role-actor', 'user-actor-10001', 10001, 2, 10099, '2025-09-08 17:34:28', '2025-09-08 17:34:28');
INSERT INTO "project_role_actor" ("actor_type", "name", "actor_user_id", "role_id", "id", "created", "updated") VALUES ('atlassian-user-role-actor', 'user-actor-10002', 10002, 2, 10100, '2025-09-08 17:34:28', '2025-09-08 17:34:28');
INSERT INTO "project_role_actor" ("actor_type", "name", "actor_user_id", "role_id", "id", "created", "updated") VALUES ('atlassian-user-role-actor', 'user-actor-10003', 10003, 2, 10101, '2025-09-08 17:34:28', '2025-09-08 17:34:28');
INSERT INTO "project_role_actor" ("actor_type", "name", "actor_user_id", "role_id", "id", "created", "updated") VALUES ('atlassian-user-role-actor', 'user-actor-10004', 10004, 2, 10102, '2025-09-08 17:34:28', '2025-09-08 17:34:28');
INSERT INTO "project_role_actor" ("actor_type", "name", "actor_user_id", "role_id", "id", "created", "updated") VALUES ('atlassian-user-role-actor', 'user-actor-10005', 10005, 2, 10103, '2025-09-08 17:34:28', '2025-09-08 17:34:28');
INSERT INTO "project_role_actor" ("actor_type", "name", "actor_user_id", "role_id", "id", "created", "updated") VALUES ('atlassian-user-role-actor', 'user-actor-10001', 10001, 3, 10104, '2025-09-08 17:34:28', '2025-09-08 17:34:28');
INSERT INTO "project_role_actor" ("actor_type", "name", "actor_user_id", "role_id", "id", "created", "updated") VALUES ('atlassian-user-role-actor', 'user-actor-10002', 10002, 3, 10105, '2025-09-08 17:34:28', '2025-09-08 17:34:28');
INSERT INTO "project_role_actor" ("actor_type", "name", "actor_user_id", "role_id", "id", "created", "updated") VALUES ('atlassian-user-role-actor', 'user-actor-10003', 10003, 3, 10106, '2025-09-08 17:34:28', '2025-09-08 17:34:28');
INSERT INTO "project_role_actor" ("actor_type", "name", "actor_user_id", "role_id", "id", "created", "updated") VALUES ('atlassian-user-role-actor', 'user-actor-10004', 10004, 3, 10107, '2025-09-08 17:34:28', '2025-09-08 17:34:28');
INSERT INTO "project_role_actor" ("actor_type", "name", "actor_user_id", "role_id", "id", "created", "updated") VALUES ('atlassian-user-role-actor', 'user-actor-10005', 10005, 3, 10108, '2025-09-08 17:34:28', '2025-09-08 17:34:28');
INSERT INTO "workflow_scheme_issue_type" ("workflow_scheme_id", "issue_type_id", "workflow_id", "id", "created", "updated") VALUES (1, 1, 1, 10127, '2025-09-08 17:34:28', '2025-09-08 17:34:28');
INSERT INTO "permission_grant" ("holder_type", "permission_id", "permission_scheme_id", "holder_project_role_id", "id", "created", "updated") VALUES ('projectRole', 1, 1, 1, 10135, '2025-09-08 17:34:28', '2025-09-08 17:34:28');
INSERT INTO "permission_grant" ("holder_type", "permission_id", "permission_scheme_id", "holder_project_role_id", "id", "created", "updated") VALUES ('projectRole', 2, 1, 1, 10136, '2025-09-08 17:34:28', '2025-09-08 17:34:28');
INSERT INTO "permission_grant" ("holder_type", "permission_id", "permission_scheme_id", "holder_project_role_id", "id", "created", "updated") VALUES ('projectRole', 3, 1, 1, 10137, '2025-09-08 17:34:28', '2025-09-08 17:34:28');
INSERT INTO "issue" ("key", "summary", "description", "environment", "original_estimate", "remaining_estimate", "time_spent", "progress", "votes", "watches", "due_date", "project_id", "issue_type_id", "status_id", "priority_id", "reporter_id", "assignee_id", "creator_id", "id", "created", "updated") VALUES ('AMZ-1', 'Investigate unshipped item for order SO-526604', 'Order 112-6020037-8897406 for buyer Logan Robinson is marked ''PartiallyShipped'', but the only item (OI-371418, ''PurrfectPouch Cat Carrier'') shows 0 of 1 units shipped. This is a contradiction. The purchase date was 2023-11-28 for $143.36. We need to verify the actual shipment status with the warehouse and carrier, and update the system records. Promised ship date was 2023-12-04.', 'Amazon Marketplace: US, Buyer Location: Charlotte, NC', 0, 0, 0, 0, 0, 0, '2024-01-07 17:30:00', 1, 1, 1, 3, 10002, 10003, 10002, 1, '2024-01-05 17:30:00', '2024-01-05 18:30:00');
INSERT INTO "issue" ("key", "summary", "description", "environment", "original_estimate", "remaining_estimate", "time_spent", "progress", "votes", "watches", "due_date", "project_id", "issue_type_id", "status_id", "priority_id", "reporter_id", "assignee_id", "creator_id", "id", "created", "updated") VALUES ('AMZ-2', 'Data Discrepancy: Order SO-926153 marked ''Delivered'' with zero items shipped', 'A critical data mismatch exists for order 112-3834132-2733714 (buyer: Luna Kelly). The order''s shipment status is ''Delivered'', but the order item OI-125355 (''KibbleKing Automatic Pet Feeder'') indicates a shipped quantity of 0 out of 3. Total order value is $1400.08. This suggests an API sync failure. We must pull carrier data to confirm delivery and reconcile our internal records immediately to avoid customer disputes.', 'Amazon Marketplace: US, Buyer Location: Los Angeles, CA', 0, 0, 0, 0, 0, 0, '2024-01-07 20:30:00', 1, 1, 1, 3, 10003, 10004, 10003, 2, '2024-01-05 20:30:00', '2024-01-05 21:30:00');
INSERT INTO "issue" ("key", "summary", "description", "environment", "original_estimate", "remaining_estimate", "time_spent", "progress", "votes", "watches", "due_date", "project_id", "issue_type_id", "status_id", "priority_id", "reporter_id", "assignee_id", "creator_id", "id", "created", "updated") VALUES ('AMZ-3', 'Missing item data for ''In Transit'' order SO-804012', 'Order 112-5745665-6467928 for Lucas Wilson, purchased on 2024-12-20 for $356.44, is correctly marked as ''In Transit''. However, the order_items array in our system is empty. The ingestion service likely failed to parse the item details from the API payload. A manual data refresh is required to populate the item information for our records and for customer service visibility.', 'Amazon Marketplace: US, Buyer Location: Denver, CO', 0, 0, 0, 0, 0, 0, '2024-01-07 23:30:00', 1, 1, 1, 3, 10004, 10005, 10004, 3, '2024-01-05 23:30:00', '2024-01-06 00:30:00');
INSERT INTO "issue" ("key", "summary", "description", "environment", "original_estimate", "remaining_estimate", "time_spent", "progress", "votes", "watches", "due_date", "project_id", "issue_type_id", "status_id", "priority_id", "reporter_id", "assignee_id", "creator_id", "id", "created", "updated") VALUES ('AMZ-4', 'Action Required: Payment verification for order SO-302740', 'Order 112-1329147-8945382 for Joshua Turner ($1983.48) has been flagged with ''verification_requires_merchant_action''. The payment method used was PayPal. Although the shipment is already ''Out for Delivery'', the payment team must review this transaction and clear the flag in our system to ensure funds are properly captured and to mitigate any potential fraud risk.', 'Amazon Marketplace: US, Buyer Location: San Francisco, CA', 0, 0, 0, 0, 0, 0, '2024-01-08 02:30:00', 1, 1, 1, 3, 10005, 10006, 10005, 4, '2024-01-06 02:30:00', '2024-01-06 03:30:00');
INSERT INTO "issue" ("key", "summary", "description", "environment", "original_estimate", "remaining_estimate", "time_spent", "progress", "votes", "watches", "due_date", "project_id", "issue_type_id", "status_id", "priority_id", "reporter_id", "assignee_id", "creator_id", "id", "created", "updated") VALUES ('AMZ-5', 'Investigate partially shipped item in order SO-454778', 'Order 112-3100964-2113495 for Hazel Watson is ''Out for Delivery'' but is a partial shipment. Item OI-814112 (''Logitech G502 HERO Mouse'') shows only 1 of 3 units have been shipped. We need to confirm if the remaining 2 units are in a separate shipment or if there was a stock issue. Please check for linked tracking numbers or backorder notes.', 'Amazon Marketplace: US, Buyer Location: Raleigh, NC', 0, 0, 0, 0, 0, 0, '2024-01-08 05:30:00', 1, 1, 1, 3, 10006, 10007, 10006, 5, '2024-01-06 05:30:00', '2024-01-06 06:30:00');
INSERT INTO "issue" ("key", "summary", "description", "environment", "original_estimate", "remaining_estimate", "time_spent", "progress", "votes", "watches", "due_date", "project_id", "issue_type_id", "status_id", "priority_id", "reporter_id", "assignee_id", "creator_id", "id", "created", "updated") VALUES ('AMZ-6', 'Unshipped items in ''Shipped'' order SO-407881', 'Order 112-8109305-2500396 for Layla Mitchell has an order status of ''Shipped'', but the line item OI-957919 (''AuraDesk Standing Desk'') shows 0 of 5 units have been shipped. This is a major discrepancy. Please investigate the warehouse dispatch logs for this order immediately to determine if the items were sent and our system failed to update, or if the order status was updated incorrectly.', 'Amazon Marketplace: US, Buyer Location: Philadelphia, PA', 0, 0, 0, 0, 0, 0, '2024-01-08 08:30:00', 1, 1, 1, 3, 10007, 10008, 10007, 6, '2024-01-06 08:30:00', '2024-01-06 09:30:00');
INSERT INTO "issue" ("key", "summary", "description", "environment", "original_estimate", "remaining_estimate", "time_spent", "progress", "votes", "watches", "due_date", "project_id", "issue_type_id", "status_id", "priority_id", "reporter_id", "assignee_id", "creator_id", "id", "created", "updated") VALUES ('AMZ-7', 'Action Required: Payment verification and partial shipment for SO-140993', 'Order 112-1410417-6425214 (buyer: Julian Bell) requires attention for two reasons. First, it is flagged with ''verification_requires_merchant_action'' for a Bank Transfer payment. Second, item OI-167856 (''Ashley Furniture Signature Design Dresser'') shows a partial shipment of 2 of 3 units. The payments team must clear the flag, and the fulfillment team must confirm the status of the final unit.', 'Amazon Marketplace: US, Buyer Location: Bronx, NY', 0, 0, 0, 0, 0, 0, '2024-01-08 11:30:00', 1, 1, 1, 3, 10008, 10009, 10008, 7, '2024-01-06 11:30:00', '2024-01-06 12:30:00');
INSERT INTO "issue" ("key", "summary", "description", "environment", "original_estimate", "remaining_estimate", "time_spent", "progress", "votes", "watches", "due_date", "project_id", "issue_type_id", "status_id", "priority_id", "reporter_id", "assignee_id", "creator_id", "id", "created", "updated") VALUES ('AMZ-8', 'Action Required: Unshipped items and payment verification for order SO-522996', 'Order 112-4530934-6654073 for Violet Cooper ($229.73) requires manual intervention. It''s flagged for payment verification via PayPal. Additionally, both line items (OI-825840 and OI-871149) show a shipped quantity of 0. The order status is ''Shipped'' but needs to be corrected. The priority is to resolve the payment flag before investigating the shipping discrepancy.', 'Amazon Marketplace: US, Buyer Location: New York, NY', 0, 0, 0, 0, 0, 0, '2024-01-08 14:30:00', 1, 1, 1, 3, 10009, 10010, 10009, 8, '2024-01-06 14:30:00', '2024-01-06 15:30:00');
INSERT INTO "issue" ("key", "summary", "description", "environment", "original_estimate", "remaining_estimate", "time_spent", "progress", "votes", "watches", "due_date", "project_id", "issue_type_id", "status_id", "priority_id", "reporter_id", "assignee_id", "creator_id", "id", "created", "updated") VALUES ('AMZ-9', 'Resolve ''Unshipped'' order SO-359814 past promised ship date', 'Order 112-2710778-7550588 for Logan Robinson has an ''Unshipped'' status, but its promised ship date was 2025-07-29. The order contains multiple items with mixed shipped quantities in the data (e.g., OI-374960 is fully shipped, OI-329627 is partially shipped). We must clarify the true status of this order, consolidate tracking info, and update the customer on the delay.', 'Amazon Marketplace: US, Buyer Location: Charlotte, NC', 0, 0, 0, 0, 0, 0, '2024-01-08 17:30:00', 1, 1, 1, 3, 10010, 10011, 10010, 9, '2024-01-06 17:30:00', '2024-01-06 18:30:00');
INSERT INTO "issue" ("key", "summary", "description", "environment", "original_estimate", "remaining_estimate", "time_spent", "progress", "votes", "watches", "due_date", "project_id", "issue_type_id", "status_id", "priority_id", "reporter_id", "assignee_id", "creator_id", "id", "created", "updated") VALUES ('AMZ-10', 'Action Required: Payment verification on ''Delivered'' order SO-673615', 'Order 112-1634230-9255893 for Nova Wood is marked as ''Delivered'', but a ''verification_requires_merchant_action'' flag is still active for its Gift Card payment. We need to ensure this is cleared to recognize the revenue. The order has no line items listed, which also needs to be corrected by refreshing data from the API.', 'Amazon Marketplace: US, Buyer Location: Orlando, FL', 0, 0, 0, 0, 0, 0, '2024-01-08 20:30:00', 1, 1, 1, 3, 10011, 10012, 10011, 10, '2024-01-06 20:30:00', '2024-01-06 21:30:00');
INSERT INTO "issue" ("key", "summary", "description", "environment", "original_estimate", "remaining_estimate", "time_spent", "progress", "votes", "watches", "due_date", "project_id", "issue_type_id", "status_id", "priority_id", "reporter_id", "assignee_id", "creator_id", "id", "created", "updated") VALUES ('AMZ-11', 'Review partial shipments in order SO-840619', 'Order 112-3569072-1478097 for James Hayes is ''PartiallyShipped''. Both line items (OI-136404 ''Nylabone Power Chew'' and OI-838993 ''PlayStation 5 DualSense Controller'') have been partially fulfilled (2 of 4 and 2 of 3, respectively). Please confirm the ETA for the remaining items and ensure the customer has been notified of the split shipment.', 'Amazon Marketplace: US, Buyer Location: Columbus, OH', 0, 0, 0, 0, 0, 0, '2024-01-08 23:30:00', 1, 1, 1, 3, 10012, 10013, 10012, 11, '2024-01-06 23:30:00', '2024-01-07 00:30:00');
INSERT INTO "issue" ("key", "summary", "description", "environment", "original_estimate", "remaining_estimate", "time_spent", "progress", "votes", "watches", "due_date", "project_id", "issue_type_id", "status_id", "priority_id", "reporter_id", "assignee_id", "creator_id", "id", "created", "updated") VALUES ('AMZ-12', 'Investigate multiple partial shipments in order SO-964859', 'Order 112-3059853-4752531 for Jonathan Brooks is marked as ''PartiallyShipped''. The order contains four different items, three of which have been partially shipped (OI-355762, OI-871154, OI-970669) and one that is completely unshipped (OI-513789). This is a complex fulfillment case. We need a full breakdown of what has shipped, what is pending, and the associated tracking numbers.', 'Amazon Marketplace: US, Buyer Location: East Rutherford, NJ', 0, 0, 0, 0, 0, 0, '2024-01-09 02:30:00', 1, 1, 1, 3, 10013, 10014, 10013, 12, '2024-01-07 02:30:00', '2024-01-07 03:30:00');
INSERT INTO "issue" ("key", "summary", "description", "environment", "original_estimate", "remaining_estimate", "time_spent", "progress", "votes", "watches", "due_date", "project_id", "issue_type_id", "status_id", "priority_id", "reporter_id", "assignee_id", "creator_id", "id", "created", "updated") VALUES ('AMZ-13', 'Data Discrepancy: ''PartiallyShipped'' order SO-810876 shows zero units shipped', 'Order 112-1450259-5252099 for Elijah Davis is marked ''PartiallyShipped'', but the line item OI-773633 (''IKEA KALLAX Shelf Unit'') shows a shipped quantity of 0 out of 4. This is a data conflict. Please verify with the carrier if a shipment was created and if our system''s data is stale. The promised ship date was missed, so this is a high priority.', 'Amazon Marketplace: US, Buyer Location: Washington, DC', 0, 0, 0, 0, 0, 0, '2024-01-09 05:30:00', 1, 1, 1, 3, 10014, 10015, 10014, 13, '2024-01-07 05:30:00', '2024-01-07 06:30:00');
INSERT INTO "issue" ("key", "summary", "description", "environment", "original_estimate", "remaining_estimate", "time_spent", "progress", "votes", "watches", "due_date", "project_id", "issue_type_id", "status_id", "priority_id", "reporter_id", "assignee_id", "creator_id", "id", "created", "updated") VALUES ('AMZ-14', 'Action Required: Payment verification and unshipped item for order SO-128983', 'Order 112-5220326-1691943 for Lucas Wilson requires payment verification for a Bank Transfer. The order status is ''Shipped'', yet the only item, OI-643437 (''ChargeUp Wireless Charging Pad''), shows 0 of 4 units shipped. Both the payment flag and the shipping discrepancy must be resolved. The payment issue should be addressed first.', 'Amazon Marketplace: US, Buyer Location: Denver, CO', 0, 0, 0, 0, 0, 0, '2024-01-09 08:30:00', 1, 1, 1, 3, 10015, 10016, 10015, 14, '2024-01-07 08:30:00', '2024-01-07 09:30:00');
INSERT INTO "issue" ("key", "summary", "description", "environment", "original_estimate", "remaining_estimate", "time_spent", "progress", "votes", "watches", "due_date", "project_id", "issue_type_id", "status_id", "priority_id", "reporter_id", "assignee_id", "creator_id", "id", "created", "updated") VALUES ('AMZ-15', 'Review partial shipment for order SO-206530', 'Order 112-9723868-6120287 for Daniel Perez is in a ''PartiallyShipped'' state. Item OI-195556 (''Hertzko Self-Cleaning Slicker Brush'') has been partially shipped (2 of 5), while item OI-864129 (''Rustic Farmhouse Dining Table'') is completely unshipped (0 of 2). Please confirm the fulfillment plan for the outstanding items.', 'Amazon Marketplace: US, Buyer Location: Chicago, IL', 0, 0, 0, 0, 0, 0, '2024-01-09 11:30:00', 1, 1, 1, 3, 10016, 10017, 10016, 15, '2024-01-07 11:30:00', '2024-01-07 12:30:00');
INSERT INTO "issue" ("key", "summary", "description", "environment", "original_estimate", "remaining_estimate", "time_spent", "progress", "votes", "watches", "due_date", "project_id", "issue_type_id", "status_id", "priority_id", "reporter_id", "assignee_id", "creator_id", "id", "created", "updated") VALUES ('AMZ-16', 'Action Required: Payment verification on delivered partial shipment SO-366675', 'Order 112-2844399-4035239 for Isla Perry has been delivered but requires action. A payment verification flag is active for the ''Cash on Delivery'' method. Additionally, item OI-968482 was a partial shipment (2 of 3). We must ensure the payment flag is cleared and the record of the partial shipment is accurate.', 'Amazon Marketplace: US, Buyer Location: Minneapolis, MN', 0, 0, 0, 0, 0, 0, '2024-01-09 14:30:00', 1, 1, 1, 3, 10017, 10018, 10017, 16, '2024-01-07 14:30:00', '2024-01-07 15:30:00');
INSERT INTO "issue" ("key", "summary", "description", "environment", "original_estimate", "remaining_estimate", "time_spent", "progress", "votes", "watches", "due_date", "project_id", "issue_type_id", "status_id", "priority_id", "reporter_id", "assignee_id", "creator_id", "id", "created", "updated") VALUES ('AMZ-17', 'Missing item data for ''Shipped'' order SO-867886', 'Order 112-3171546-3404152 for Naomi Flores, purchased on 2025-01-04 for $765.80, has a status of ''Shipped'' but contains no line item information in our database. The ingestion process must have failed. Please trigger a manual API poll to retrieve the missing item details to complete our records for this order.', 'Amazon Marketplace: US, Buyer Location: Cincinnati, OH', 0, 0, 0, 0, 0, 0, '2024-01-09 17:30:00', 1, 1, 1, 3, 10018, 10019, 10018, 17, '2024-01-07 17:30:00', '2024-01-07 18:30:00');
INSERT INTO "issue" ("key", "summary", "description", "environment", "original_estimate", "remaining_estimate", "time_spent", "progress", "votes", "watches", "due_date", "project_id", "issue_type_id", "status_id", "priority_id", "reporter_id", "assignee_id", "creator_id", "id", "created", "updated") VALUES ('AMZ-18', 'Missing item data for ''In Transit'' order SO-749841', 'Order 112-8657809-9141689 for Alexander Moore is ''In Transit'', but our system has no record of the items included in the order. The purchase date was 2025-07-27 for $1834.60. A data refresh from the Amazon API is needed to populate the missing order items to ensure accurate tracking and reporting.', 'Amazon Marketplace: US, Buyer Location: Atlanta, GA', 0, 0, 0, 0, 0, 0, '2024-01-09 20:30:00', 1, 1, 1, 3, 10019, 10020, 10019, 18, '2024-01-07 20:30:00', '2024-01-07 21:30:00');
INSERT INTO "issue" ("key", "summary", "description", "environment", "original_estimate", "remaining_estimate", "time_spent", "progress", "votes", "watches", "due_date", "project_id", "issue_type_id", "status_id", "priority_id", "reporter_id", "assignee_id", "creator_id", "id", "created", "updated") VALUES ('AMZ-19', 'Action Required: Payment verification on ''Shipped'' order SO-107264', 'Order 112-2618354-8841464 for Samuel Scott requires manual payment verification. The order total is high ($1862.62) and was paid via PayPal. The payment team needs to review the transaction details and clear the flag. The order is already shipped, so this is a high priority to ensure funds are secured.', 'Amazon Marketplace: US, Buyer Location: Milwaukee, WI', 0, 0, 0, 0, 0, 0, '2024-01-09 23:30:00', 1, 1, 1, 3, 10020, 10021, 10020, 19, '2024-01-07 23:30:00', '2024-01-08 00:30:00');
INSERT INTO "issue" ("key", "summary", "description", "environment", "original_estimate", "remaining_estimate", "time_spent", "progress", "votes", "watches", "due_date", "project_id", "issue_type_id", "status_id", "priority_id", "reporter_id", "assignee_id", "creator_id", "id", "created", "updated") VALUES ('AMZ-20', 'Investigate partially shipped item for order SO-271086', 'Order 112-4298978-4182674 for Nova Wood is ''Out for Delivery'' but contains a partially shipped item. OI-348646 (''RetractaLeash Dog Leash'') shows that only 3 out of 5 units were sent. We need to verify if the remaining two units are backordered or in a separate shipment and communicate the status to the customer if necessary.', 'Amazon Marketplace: US, Buyer Location: Orlando, FL', 0, 0, 0, 0, 0, 0, '2024-01-10 02:30:00', 1, 1, 1, 3, 10021, 10022, 10021, 20, '2024-01-08 02:30:00', '2024-01-08 03:30:00');
INSERT INTO "issue" ("key", "summary", "description", "environment", "original_estimate", "remaining_estimate", "time_spent", "progress", "votes", "watches", "due_date", "project_id", "issue_type_id", "status_id", "priority_id", "reporter_id", "assignee_id", "creator_id", "id", "created", "updated") VALUES ('AMZ-21', 'Missing item data for ''In Transit'' order SO-450430', 'Order 112-7666546-2730886 for Lucas Wilson is currently ''In Transit''. The order was placed on 2025-01-16 for $143.15. Our system failed to ingest the order items. Please perform a manual data sync with the Amazon API to retrieve the product details associated with this order.', 'Amazon Marketplace: US, Buyer Location: Denver, CO', 0, 0, 0, 0, 0, 0, '2024-01-10 05:30:00', 1, 1, 1, 3, 10022, 10023, 10022, 21, '2024-01-08 05:30:00', '2024-01-08 06:30:00');
INSERT INTO "issue" ("key", "summary", "description", "environment", "original_estimate", "remaining_estimate", "time_spent", "progress", "votes", "watches", "due_date", "project_id", "issue_type_id", "status_id", "priority_id", "reporter_id", "assignee_id", "creator_id", "id", "created", "updated") VALUES ('AMZ-22', 'Order SO-938899 missed promised ship date', 'Order 112-1167865-5276883 for David King had a promised ship date of 2024-07-11 07:12:30, but the purchase was made later that day at 19:02:24. This indicates a data or logic error in setting the promised date. Although the order is now ''Out for Delivery'', we need to investigate the root cause of the incorrect promised date calculation to prevent future occurrences. The order also has missing item data.', 'Amazon Marketplace: US, Buyer Location: Chicago, IL', 0, 0, 0, 0, 0, 0, '2024-01-10 08:30:00', 1, 1, 1, 3, 10023, 10024, 10023, 22, '2024-01-08 08:30:00', '2024-01-08 09:30:00');
INSERT INTO "issue" ("key", "summary", "description", "environment", "original_estimate", "remaining_estimate", "time_spent", "progress", "votes", "watches", "due_date", "project_id", "issue_type_id", "status_id", "priority_id", "reporter_id", "assignee_id", "creator_id", "id", "created", "updated") VALUES ('AMZ-23', 'Action Required: Review payment verification and partial shipments for SO-861330', 'Order 112-2481747-1863051 for Daniel Hughes requires payment verification for a PayPal transaction of $1152.75. The order is also a complex partial shipment, with three line items all showing fewer units shipped than ordered. The payment flag must be cleared, and the fulfillment team needs to provide a status update on the remaining items.', 'Amazon Marketplace: US, Buyer Location: Atlanta, GA', 0, 0, 0, 0, 0, 0, '2024-01-10 11:30:00', 1, 1, 1, 3, 10024, 10025, 10024, 23, '2024-01-08 11:30:00', '2024-01-08 12:30:00');
INSERT INTO "issue" ("key", "summary", "description", "environment", "original_estimate", "remaining_estimate", "time_spent", "progress", "votes", "watches", "due_date", "project_id", "issue_type_id", "status_id", "priority_id", "reporter_id", "assignee_id", "creator_id", "id", "created", "updated") VALUES ('AMZ-24', 'Action Required: Payment verification on delivered order SO-122549', 'Order 112-2714751-6020059 for Sadie Torres has been successfully delivered. However, a payment verification flag is still active for the Amazon Pay transaction of $1091.01. The payments team needs to review and clear this flag to close out the order and recognize the revenue.', 'Amazon Marketplace: US, Buyer Location: Louisville, KY', 0, 0, 0, 0, 0, 0, '2024-01-10 14:30:00', 1, 1, 1, 3, 10025, 10026, 10025, 24, '2024-01-08 14:30:00', '2024-01-08 15:30:00');
INSERT INTO "issue" ("key", "summary", "description", "environment", "original_estimate", "remaining_estimate", "time_spent", "progress", "votes", "watches", "due_date", "project_id", "issue_type_id", "status_id", "priority_id", "reporter_id", "assignee_id", "creator_id", "id", "created", "updated") VALUES ('AMZ-25', 'Action Required: Payment verification and partial shipment for order SO-378463', 'Order 112-9920961-5718251 for Liam Johnson requires payment verification for an Amazon Pay transaction. The order is also a partial shipment, with both line items (OI-363126 and OI-397836) having 2 of 4 units shipped. Please clear the payment flag and confirm the ETA for the remaining items.', 'Amazon Marketplace: US, Buyer Location: Los Angeles, CA', 0, 0, 0, 0, 0, 0, '2024-01-10 17:30:00', 1, 1, 1, 3, 10026, 10027, 10026, 25, '2024-01-08 17:30:00', '2024-01-08 18:30:00');
INSERT INTO "issue" ("key", "summary", "description", "environment", "original_estimate", "remaining_estimate", "time_spent", "progress", "votes", "watches", "due_date", "project_id", "issue_type_id", "status_id", "priority_id", "reporter_id", "assignee_id", "creator_id", "id", "created", "updated") VALUES ('AMZ-26', 'Investigate unshipped items in ''Shipped'' order SO-656432', 'Order 112-3285929-4012471 for Jacob White is marked ''Shipped'', but both line items (OI-775116 and OI-950710) show 0 units shipped. This is a critical data inconsistency. Please check warehouse dispatch records and carrier data for a valid tracking number. If none exists, the order status must be corrected, and fulfillment must be re-initiated.', 'Amazon Marketplace: US, Buyer Location: New York, NY', 0, 0, 0, 0, 0, 0, '2024-01-10 20:30:00', 1, 1, 1, 3, 10027, 10028, 10027, 26, '2024-01-08 20:30:00', '2024-01-08 21:30:00');
INSERT INTO "issue" ("key", "summary", "description", "environment", "original_estimate", "remaining_estimate", "time_spent", "progress", "votes", "watches", "due_date", "project_id", "issue_type_id", "status_id", "priority_id", "reporter_id", "assignee_id", "creator_id", "id", "created", "updated") VALUES ('AMZ-27', 'Data discrepancy on unshipped item in order SO-650342', 'Order 112-2108877-5422325 for Avery Lewis has a status of ''Out for Delivery'', but the single item OI-147348 (''FURminator deShedding Tool for Cats'') has a shipped quantity of 0. This is a data conflict that needs immediate reconciliation. We must verify with the carrier that a package is indeed on its way to the customer.', 'Amazon Marketplace: US, Buyer Location: Atlanta, GA', 0, 0, 0, 0, 0, 0, '2024-01-10 23:30:00', 1, 1, 1, 3, 10028, 10029, 10028, 27, '2024-01-08 23:30:00', '2024-01-09 00:30:00');
INSERT INTO "issue" ("key", "summary", "description", "environment", "original_estimate", "remaining_estimate", "time_spent", "progress", "votes", "watches", "due_date", "project_id", "issue_type_id", "status_id", "priority_id", "reporter_id", "assignee_id", "creator_id", "id", "created", "updated") VALUES ('AMZ-28', 'Action Required: Payment verification on delivered partial shipment SO-470272', 'Order 112-7505937-8376251 for Andrew Perez has been delivered but still requires action. A payment verification flag is active for the $1936.91 Amazon Pay transaction. Additionally, item OI-127392 was never shipped (0 of 5). We need to clear the payment flag and investigate why the second item was not fulfilled, issuing a refund if necessary.', 'Amazon Marketplace: US, Buyer Location: Seattle, WA', 0, 0, 0, 0, 0, 0, '2024-01-11 02:30:00', 1, 1, 1, 3, 10029, 10030, 10029, 28, '2024-01-09 02:30:00', '2024-01-09 03:30:00');
INSERT INTO "issue" ("key", "summary", "description", "environment", "original_estimate", "remaining_estimate", "time_spent", "progress", "votes", "watches", "due_date", "project_id", "issue_type_id", "status_id", "priority_id", "reporter_id", "assignee_id", "creator_id", "id", "created", "updated") VALUES ('AMZ-29', 'Resolve ''Unshipped'' order SO-504825 past promised ship date', 'Order 112-7905834-2246418 for Thomas James remains ''Unshipped'' despite the promised ship date being 2025-02-20. The line item OI-752942 shows it was shipped, a direct contradiction. Please investigate the actual status of this order, correct the system data, and notify the customer of any delay.', 'Amazon Marketplace: US, Buyer Location: Philadelphia, PA', 0, 0, 0, 0, 0, 0, '2024-01-11 05:30:00', 1, 1, 1, 3, 10030, 10031, 10030, 29, '2024-01-09 05:30:00', '2024-01-09 06:30:00');
INSERT INTO "issue" ("key", "summary", "description", "environment", "original_estimate", "remaining_estimate", "time_spent", "progress", "votes", "watches", "due_date", "project_id", "issue_type_id", "status_id", "priority_id", "reporter_id", "assignee_id", "creator_id", "id", "created", "updated") VALUES ('AMZ-30', 'Action Required: Payment verification on ''Shipped'' order SO-370248', 'Order 112-9810710-2831484 for Levi Bailey is marked as ''Shipped'' but has an active ''verification_requires_merchant_action'' flag. The payment of $1297.57 was made via Credit Card. The payments team must review this transaction to clear the hold. The order is also missing line item data which needs to be refreshed.', 'Amazon Marketplace: US, Buyer Location: Los Angeles, CA', 0, 0, 0, 0, 0, 0, '2024-01-11 08:30:00', 1, 1, 1, 3, 10031, 10032, 10031, 30, '2024-01-09 08:30:00', '2024-01-09 09:30:00');
INSERT INTO "issue" ("key", "summary", "description", "environment", "original_estimate", "remaining_estimate", "time_spent", "progress", "votes", "watches", "due_date", "project_id", "issue_type_id", "status_id", "priority_id", "reporter_id", "assignee_id", "creator_id", "id", "created", "updated") VALUES ('AMZ-31', 'Action Required: Payment verification on ''Shipped'' order SO-364203', 'Order 112-9808955-2021750 for Evelyn Taylor has a payment verification flag that needs to be cleared. The transaction was for $1480.91 via Debit Card. The order status is ''Shipped'' and contains one item, OI-598239, which was correctly fulfilled. The only outstanding action is to resolve the payment hold.', 'Amazon Marketplace: US, Buyer Location: San Francisco, CA', 0, 0, 0, 0, 0, 0, '2024-01-11 11:30:00', 1, 1, 1, 3, 10032, 10033, 10032, 31, '2024-01-09 11:30:00', '2024-01-09 12:30:00');
INSERT INTO "issue" ("key", "summary", "description", "environment", "original_estimate", "remaining_estimate", "time_spent", "progress", "votes", "watches", "due_date", "project_id", "issue_type_id", "status_id", "priority_id", "reporter_id", "assignee_id", "creator_id", "id", "created", "updated") VALUES ('AMZ-32', 'Review partial shipment in order SO-746405', 'Order 112-9639337-8273418 for Charlotte Hernandez has been partially shipped. Item OI-768012 (''Wondercide Flea & Tick Spray'') shows that 2 of 4 units have been dispatched. Please confirm the status of the remaining two units and ensure the customer is aware of the split shipment.', 'Amazon Marketplace: US, Buyer Location: Boston, MA', 0, 0, 0, 0, 0, 0, '2024-01-11 14:30:00', 1, 1, 1, 3, 10033, 10034, 10033, 32, '2024-01-09 14:30:00', '2024-01-09 15:30:00');
INSERT INTO "issue" ("key", "summary", "description", "environment", "original_estimate", "remaining_estimate", "time_spent", "progress", "votes", "watches", "due_date", "project_id", "issue_type_id", "status_id", "priority_id", "reporter_id", "assignee_id", "creator_id", "id", "created", "updated") VALUES ('AMZ-33', 'Action Required: Payment verification on ''Shipped'' order SO-453579', 'Order 112-1782884-3836952 for Zoe Green requires payment verification for a ''Cash on Delivery'' transaction of $1355.44. The order is marked as ''Shipped'' and is missing its item data. The priority is to clear the verification flag with the logistics partner and then refresh the order data from the API.', 'Amazon Marketplace: US, Buyer Location: Nashville, TN', 0, 0, 0, 0, 0, 0, '2024-01-11 17:30:00', 1, 1, 1, 3, 10034, 10035, 10034, 33, '2024-01-09 17:30:00', '2024-01-09 18:30:00');
INSERT INTO "issue" ("key", "summary", "description", "environment", "original_estimate", "remaining_estimate", "time_spent", "progress", "votes", "watches", "due_date", "project_id", "issue_type_id", "status_id", "priority_id", "reporter_id", "assignee_id", "creator_id", "id", "created", "updated") VALUES ('AMZ-34', 'Missing item data for ''PartiallyShipped'' order SO-605412', 'Order 112-5375955-6075900 for James Martinez has a status of ''PartiallyShipped'', but our system contains no line item information. The purchase was for $1659.55. We need to perform a manual data sync with the Amazon API to retrieve the item details and determine which parts of the order are outstanding.', 'Amazon Marketplace: US, Buyer Location: Dallas, TX', 0, 0, 0, 0, 0, 0, '2024-01-11 20:30:00', 1, 1, 1, 3, 10035, 10036, 10035, 34, '2024-01-09 20:30:00', '2024-01-09 21:30:00');
INSERT INTO "issue" ("key", "summary", "description", "environment", "original_estimate", "remaining_estimate", "time_spent", "progress", "votes", "watches", "due_date", "project_id", "issue_type_id", "status_id", "priority_id", "reporter_id", "assignee_id", "creator_id", "id", "created", "updated") VALUES ('AMZ-35', 'Order SO-501187 missed promised ship date', 'Order 112-3820210-5050111 for Alexander Moore is still in a ''PartiallyShipped'' state with a ''Pending'' shipment status, despite the promised ship date being 2024-11-25. The order is also missing item data. We need to investigate the cause of the delay, update the customer, and correct the missing item information.', 'Amazon Marketplace: US, Buyer Location: Atlanta, GA', 0, 0, 0, 0, 0, 0, '2024-01-11 23:30:00', 1, 1, 1, 3, 10036, 10037, 10036, 35, '2024-01-09 23:30:00', '2024-01-10 00:30:00');
INSERT INTO "issue" ("key", "summary", "description", "environment", "original_estimate", "remaining_estimate", "time_spent", "progress", "votes", "watches", "due_date", "project_id", "issue_type_id", "status_id", "priority_id", "reporter_id", "assignee_id", "creator_id", "id", "created", "updated") VALUES ('AMZ-36', 'Action Required: Payment verification and unshipped item for order SO-556261', 'Order 112-2238758-9607908 for Julian Bell has been ''Delivered'', but has an active payment verification flag. Additionally, item OI-375589 (''Razer BlackWidow V4 Pro'') shows 0 of 5 units shipped, which contradicts the delivered status. We must clear the payment flag and investigate the shipping discrepancy, likely a data sync issue.', 'Amazon Marketplace: US, Buyer Location: Bronx, NY', 0, 0, 0, 0, 0, 0, '2024-01-12 02:30:00', 1, 1, 1, 3, 10037, 10038, 10037, 36, '2024-01-10 02:30:00', '2024-01-10 03:30:00');
INSERT INTO "issue" ("key", "summary", "description", "environment", "original_estimate", "remaining_estimate", "time_spent", "progress", "votes", "watches", "due_date", "project_id", "issue_type_id", "status_id", "priority_id", "reporter_id", "assignee_id", "creator_id", "id", "created", "updated") VALUES ('AMZ-37', 'Action Required: Payment verification on partial shipment SO-780818', 'Order 112-2405767-1184393 for Grace Allen requires payment verification for a ''Cash on Delivery'' transaction. The order is also a partial shipment, with OI-635178 and OI-917730 each having 1 of 2 and 1 of 4 units shipped, respectively. The verification needs to be handled, and the status of the remaining items confirmed.', 'Amazon Marketplace: US, Buyer Location: Los Angeles, CA', 0, 0, 0, 0, 0, 0, '2024-01-12 05:30:00', 1, 1, 1, 3, 10038, 10039, 10038, 37, '2024-01-10 05:30:00', '2024-01-10 06:30:00');
INSERT INTO "issue" ("key", "summary", "description", "environment", "original_estimate", "remaining_estimate", "time_spent", "progress", "votes", "watches", "due_date", "project_id", "issue_type_id", "status_id", "priority_id", "reporter_id", "assignee_id", "creator_id", "id", "created", "updated") VALUES ('AMZ-38', 'Review unshipped items in ''PartiallyShipped'' order SO-934433', 'Order 112-8999671-8205164 for Emma Williams is marked ''PartiallyShipped''. Item OI-947484 has been fully shipped, but item OI-600292 (''QuantumLeap QL-4K Gaming Monitor'') shows 0 of 3 units have been sent. Please check inventory for this item and provide an ETA for the remainder of the order.', 'Amazon Marketplace: US, Buyer Location: New York, NY', 0, 0, 0, 0, 0, 0, '2024-01-12 08:30:00', 1, 1, 1, 3, 10039, 10040, 10039, 38, '2024-01-10 08:30:00', '2024-01-10 09:30:00');
INSERT INTO "issue" ("key", "summary", "description", "environment", "original_estimate", "remaining_estimate", "time_spent", "progress", "votes", "watches", "due_date", "project_id", "issue_type_id", "status_id", "priority_id", "reporter_id", "assignee_id", "creator_id", "id", "created", "updated") VALUES ('AMZ-39', 'Missing item data for ''In Transit'' order SO-171234', 'Order 112-8671795-3842648 for Elijah Davis is ''In Transit''. The purchase was made on 2025-08-10 for $525.27. Our system failed to ingest the order items from the API. A manual data refresh is required to populate the product details for this order.', 'Amazon Marketplace: US, Buyer Location: Washington, DC', 0, 0, 0, 0, 0, 0, '2024-01-12 11:30:00', 1, 1, 1, 3, 10040, 10041, 10040, 39, '2024-01-10 11:30:00', '2024-01-10 12:30:00');
INSERT INTO "issue" ("key", "summary", "description", "environment", "original_estimate", "remaining_estimate", "time_spent", "progress", "votes", "watches", "due_date", "project_id", "issue_type_id", "status_id", "priority_id", "reporter_id", "assignee_id", "creator_id", "id", "created", "updated") VALUES ('AMZ-40', 'Action Required: Payment verification on ''Out for Delivery'' order SO-254766', 'Order 112-6453921-7010066 for Charlotte Hernandez has an active ''verification_requires_merchant_action'' flag for an Amazon Pay transaction of $1812.61. The order is currently ''Out for Delivery''. The payments team must clear this flag urgently to ensure payment capture upon delivery. Order is also missing item data.', 'Amazon Marketplace: US, Buyer Location: Boston, MA', 0, 0, 0, 0, 0, 0, '2024-01-12 14:30:00', 1, 1, 1, 3, 10041, 10042, 10041, 40, '2024-01-10 14:30:00', '2024-01-10 15:30:00');
INSERT INTO "issue" ("key", "summary", "description", "environment", "original_estimate", "remaining_estimate", "time_spent", "progress", "votes", "watches", "due_date", "project_id", "issue_type_id", "status_id", "priority_id", "reporter_id", "assignee_id", "creator_id", "id", "created", "updated") VALUES ('AMZ-41', 'Action Required: Payment verification and unshipped item for order SO-929763', 'Order 112-1219594-7746394 for Asher Alexander requires payment verification for a Debit Card transaction. Furthermore, the order status is ''PartiallyShipped'', but the single line item OI-701856 (''PouncePlay Laser Cat Toy'') shows 0 of 5 units shipped. We need to resolve the payment flag and investigate the shipping contradiction.', 'Amazon Marketplace: US, Buyer Location: Indianapolis, IN', 0, 0, 0, 0, 0, 0, '2024-01-12 17:30:00', 1, 1, 1, 3, 10042, 10043, 10042, 41, '2024-01-10 17:30:00', '2024-01-10 18:30:00');
INSERT INTO "issue" ("key", "summary", "description", "environment", "original_estimate", "remaining_estimate", "time_spent", "progress", "votes", "watches", "due_date", "project_id", "issue_type_id", "status_id", "priority_id", "reporter_id", "assignee_id", "creator_id", "id", "created", "updated") VALUES ('AMZ-42', 'Review delivered order SO-896269 with ''Cash on Delivery'' payment', 'Order 112-2552902-5724458 for Aurora Gray was a ''Cash on Delivery'' transaction for $1565.53. The order has been delivered. This task is to confirm that the payment was successfully collected by the carrier and has been reconciled in our financial system.', 'Amazon Marketplace: US, Buyer Location: New Orleans, LA', 0, 0, 0, 0, 0, 0, '2024-01-12 20:30:00', 1, 1, 1, 3, 10043, 10044, 10043, 42, '2024-01-10 20:30:00', '2024-01-10 21:30:00');
INSERT INTO "issue" ("key", "summary", "description", "environment", "original_estimate", "remaining_estimate", "time_spent", "progress", "votes", "watches", "due_date", "project_id", "issue_type_id", "status_id", "priority_id", "reporter_id", "assignee_id", "creator_id", "id", "created", "updated") VALUES ('AMZ-43', 'Review partial shipments in order SO-963827', 'Order 112-5139539-5517451 for Madison Harris has an ''In Transit'' status but contains partial shipments. Item OI-785970 (''IKEA KALLAX Shelf Unit'') was fully shipped, but item OI-106097 (''PixelView UltraWide Monitor'') only had 1 of 3 units sent. We need to find the tracking for the second shipment or confirm the status of the remaining two monitors.', 'Amazon Marketplace: US, Buyer Location: Austin, TX', 0, 0, 0, 0, 0, 0, '2024-01-12 23:30:00', 1, 1, 1, 3, 10044, 10045, 10044, 43, '2024-01-10 23:30:00', '2024-01-11 00:30:00');
INSERT INTO "issue" ("key", "summary", "description", "environment", "original_estimate", "remaining_estimate", "time_spent", "progress", "votes", "watches", "due_date", "project_id", "issue_type_id", "status_id", "priority_id", "reporter_id", "assignee_id", "creator_id", "id", "created", "updated") VALUES ('AMZ-44', 'Investigate partial shipment for delivered order SO-657493', 'Order 112-9256815-1823065 for Aaliyah Edwards is marked as ''Delivered'', but the line item OI-662770 (''Greenies Dental Treats'') shows a partial shipment of 3 out of 4 units. We need to confirm if the customer received the full order or if one unit was missing, in which case a partial refund or replacement should be processed.', 'Amazon Marketplace: US, Buyer Location: Sacramento, CA', 0, 0, 0, 0, 0, 0, '2024-01-13 02:30:00', 1, 1, 1, 3, 10045, 10046, 10045, 44, '2024-01-11 02:30:00', '2024-01-11 03:30:00');
INSERT INTO "issue" ("key", "summary", "description", "environment", "original_estimate", "remaining_estimate", "time_spent", "progress", "votes", "watches", "due_date", "project_id", "issue_type_id", "status_id", "priority_id", "reporter_id", "assignee_id", "creator_id", "id", "created", "updated") VALUES ('AMZ-45', 'Action Required: Payment verification on partial shipment SO-449789', 'Order 112-5969409-2737360 for Owen Washington requires payment verification for a PayPal transaction of $1917.06. The order is also a partial shipment, with OI-390971 showing 4 of 5 units shipped and OI-446329 showing 1 of 4 units shipped. The payment flag must be cleared, and the status of the remaining items must be confirmed.', 'Amazon Marketplace: US, Buyer Location: Lexington, SC', 0, 0, 0, 0, 0, 0, '2024-01-13 05:30:00', 1, 1, 1, 3, 10046, 10047, 10046, 45, '2024-01-11 05:30:00', '2024-01-11 06:30:00');
INSERT INTO "issue" ("key", "summary", "description", "environment", "original_estimate", "remaining_estimate", "time_spent", "progress", "votes", "watches", "due_date", "project_id", "issue_type_id", "status_id", "priority_id", "reporter_id", "assignee_id", "creator_id", "id", "created", "updated") VALUES ('AMZ-46', 'Action Required: Payment verification on delivered order SO-493028', 'Order 112-7065428-6631005 for Daniel Hughes has been delivered but a payment verification flag is still active for the $1661.38 Amazon Pay transaction. The payments team must review and clear this to close out the order. This order is also missing its item data and requires a manual refresh.', 'Amazon Marketplace: US, Buyer Location: Atlanta, GA', 0, 0, 0, 0, 0, 0, '2024-01-13 08:30:00', 1, 1, 1, 3, 10047, 10048, 10047, 46, '2024-01-11 08:30:00', '2024-01-11 09:30:00');
INSERT INTO "issue" ("key", "summary", "description", "environment", "original_estimate", "remaining_estimate", "time_spent", "progress", "votes", "watches", "due_date", "project_id", "issue_type_id", "status_id", "priority_id", "reporter_id", "assignee_id", "creator_id", "id", "created", "updated") VALUES ('AMZ-47', 'Missing item data for ''PartiallyShipped'' order SO-847013', 'Order 112-2718375-7816093 for Scarlett Walker is in a ''PartiallyShipped'' state with a pending shipment. The purchase was for $742.54. However, our system failed to ingest any of the line items for this order. A manual data sync with the Amazon API is required to retrieve the product details and determine the fulfillment status.', 'Amazon Marketplace: US, Buyer Location: Saint Louis, MO', 0, 0, 0, 0, 0, 0, '2024-01-13 11:30:00', 1, 1, 1, 3, 10048, 10049, 10048, 47, '2024-01-11 11:30:00', '2024-01-11 12:30:00');
INSERT INTO "issue" ("key", "summary", "description", "environment", "original_estimate", "remaining_estimate", "time_spent", "progress", "votes", "watches", "due_date", "project_id", "issue_type_id", "status_id", "priority_id", "reporter_id", "assignee_id", "creator_id", "id", "created", "updated") VALUES ('AMZ-48', 'Missing item data for ''In Transit'' order SO-112631', 'Order 112-3851184-1036283 for Addison Morgan is ''In Transit'', but the line items are missing from our system. The order was placed on 2025-04-23 for $1079.94. Please initiate a manual data refresh from the Amazon API to populate the missing order details for accurate tracking and customer service.', 'Amazon Marketplace: US, Buyer Location: Green Bay, WI', 0, 0, 0, 0, 0, 0, '2024-01-13 14:30:00', 1, 1, 1, 3, 10049, 10050, 10049, 48, '2024-01-11 14:30:00', '2024-01-11 15:30:00');
INSERT INTO "issue" ("key", "summary", "description", "environment", "original_estimate", "remaining_estimate", "time_spent", "progress", "votes", "watches", "due_date", "project_id", "issue_type_id", "status_id", "priority_id", "reporter_id", "assignee_id", "creator_id", "id", "created", "updated") VALUES ('AMZ-49', 'Action Required: Payment verification on ''Shipped'' order SO-147735', 'Order 112-2167441-4396303 for Paisley Richardson requires payment verification for a Bank Transfer of $1798.72. The order is marked as ''Shipped'' but is missing item data. The top priority is for the payments team to review the transaction and clear the flag. After that, a data sync should be performed.', 'Amazon Marketplace: US, Buyer Location: Chicago, IL', 0, 0, 0, 0, 0, 0, '2024-01-13 17:30:00', 1, 1, 1, 3, 10050, 10051, 10050, 49, '2024-01-11 17:30:00', '2024-01-11 18:30:00');
INSERT INTO "issue" ("key", "summary", "description", "environment", "original_estimate", "remaining_estimate", "time_spent", "progress", "votes", "watches", "due_date", "project_id", "issue_type_id", "status_id", "priority_id", "reporter_id", "assignee_id", "creator_id", "id", "created", "updated") VALUES ('AMZ-50', 'Missing item data for ''PartiallyShipped'' order SO-225920', 'Order 112-5932625-8161532 for James Hayes is in a ''PartiallyShipped'' state, purchased on 2024-05-06 for $1613.69. Our system has no record of the items in this order. A manual data refresh from the Amazon API is needed to populate the item list and determine what is pending fulfillment.', 'Amazon Marketplace: US, Buyer Location: Columbus, OH', 0, 0, 0, 0, 0, 0, '2024-01-13 20:30:00', 1, 1, 1, 3, 10051, 10052, 10051, 50, '2024-01-11 20:30:00', '2024-01-11 21:30:00');

-- FALLBACK ROWS FOR UNPOPULATED TABLES --

INSERT INTO "project_category" ("name", "id", "created", "updated") VALUES ('default_name_10006', 10138, '2025-09-08 17:34:28', '2025-09-08 17:34:28');
INSERT INTO "issue_link_type" ("name", "inward", "outward", "id", "created", "updated") VALUES ('default_name_10006', 'default_inward_10006', 'default_outward_10006', 10139, '2025-09-08 17:34:28', '2025-09-08 17:34:28');
INSERT INTO "issue_security_scheme" ("name", "id", "created", "updated") VALUES ('default_name_10006', 10140, '2025-09-08 17:34:28', '2025-09-08 17:34:28');
INSERT INTO "webhook" ("name", "url", "events", "id", "created", "updated") VALUES ('default_name_10006', 'default_url_10006', '{}', 10141, '2025-09-08 17:34:28', '2025-09-08 17:34:28');
INSERT INTO "application_property" ("key", "id", "created", "updated") VALUES ('default_key_10006', 10142, '2025-09-08 17:34:28', '2025-09-08 17:34:28');
INSERT INTO "avatar" ("owner_id", "owner_type", "id", "created", "updated") VALUES ('default_owner_id_10006', 'default_owner_type_10006', 10143, '2025-09-08 17:34:28', '2025-09-08 17:34:28');
INSERT INTO "screen_scheme" ("name", "id", "created", "updated") VALUES ('default_name_10006', 10144, '2025-09-08 17:34:28', '2025-09-08 17:34:28');
INSERT INTO "application_role" ("id") VALUES ('AMZ-010007');
INSERT INTO "role" ("id", "name") VALUES (10145, 'default_name_10007');
INSERT INTO "status_categories" ("id") VALUES ('AMZ-010008');
INSERT INTO "audit_record" ("category", "event_source", "summary", "event_time", "author_id", "id", "created", "updated") VALUES ('default_category_10008', 'default_event_source_10008', 'default_summary_10008', '2025-09-08 17:34:28', 10001, 10146, '2025-09-08 17:34:28', '2025-09-08 17:34:28');
INSERT INTO "user_property" ("user_account_id", "property_key", "id", "created", "updated") VALUES (10001, 'default_property_key_10008', 10147, '2025-09-08 17:34:28', '2025-09-08 17:34:28');
INSERT INTO "custom_field" ("field_id", "custom_field_type", "id", "created", "updated") VALUES (10091, 'default_custom_field_type_10008', 10148, '2025-09-08 17:34:28', '2025-09-08 17:34:28');
INSERT INTO "issue_security_level" ("name", "scheme_id", "id", "created", "updated") VALUES ('default_name_10008', 10140, 10149, '2025-09-08 17:34:28', '2025-09-08 17:34:28');
INSERT INTO "filter_subscription" ("filter_id", "user_id", "id", "created", "updated") VALUES (1, 10001, 10150, '2025-09-08 17:34:28', '2025-09-08 17:34:28');
INSERT INTO "dashboard_item_property" ("property_key", "dashboard_id", "gadget_id", "id", "created", "updated") VALUES ('default_property_key_10008', 1, 1, 10151, '2025-09-08 17:34:28', '2025-09-08 17:34:28');
INSERT INTO "project_property" ("project_id", "key", "value", "id", "created", "updated") VALUES (1, 'default_key_10008', 'default_value_10008', 10152, '2025-09-08 17:34:28', '2025-09-08 17:34:28');
INSERT INTO "attachment" ("filename", "issue_id", "author_id", "id", "created", "updated") VALUES ('default_filename_10008', 1, 10001, 10153, '2025-09-08 17:34:28', '2025-09-08 17:34:28');
INSERT INTO "issue_affects_version_association" ("issue_id", "version_id") VALUES (1, 1);
INSERT INTO "issue_link" ("inward_issue_id", "outward_issue_id", "link_type_id", "id", "created", "updated") VALUES (1, 1, 10139, 10154, '2025-09-08 17:34:28', '2025-09-08 17:34:28');
INSERT INTO "workflow_scheme_draft" ("name", "original_scheme_id", "default_workflow_id", "id", "created", "updated") VALUES ('default_name_10008', 1, 1, 10155, '2025-09-08 17:34:28', '2025-09-08 17:34:28');
